common_name,variety,farmos_name,botanical_name,crop_family,origin,description,lifespan_years,lifecycle_years,maturity_days,strata,succession_stage,plant_functions,harvest_days,germination_time,transplant_days,source
Acerola,,Acerola,Malpighia emarginata,Malpighiaceae,Central America/Caribbean,Tropical shrub to 5m producing bright red cherry-like fruits extremely high in Vitamin C (50-100x orange). Fruits within 2-3 years. Needs frost-free position. Beautiful pink flowers.,15-25,10-20,10,medium,secondary,"edible_fruit,medicinal",,,,Daleys Fruit Nursery (bought plant)
Achiote,,Achiote,Bixa orellana,Bixaceae,Central/South America,Tropical shrub to 6m producing red seed pods yielding annatto - natural food coloring used worldwide. Pink flowers. Seeds also medicinal. Frost sensitive.,20-30,10-20,8,medium,secondary,"edible_seed,medicinal,ornamental",,,,Daleys Fruit Nursery (bought plant)
Aloe Vera,,Aloe Vera,Aloe barbadensis,Asphodelaceae,Arabian Peninsula,"Succulent perennial with thick fleshy leaves containing medicinal gel. Drought tolerant, prefers well-drained soil. Used topically for burns and skin care.",10-25,3-10,3,low,secondary,"medicinal,ornamental",,,,Various
Amaranth,,Amaranth,Amaranthus spp.,Amaranthaceae,Central/South America,"Dual-purpose plant - leaves eaten as greens, seeds as grain. Chinese Spinach varieties grown for leaves. Heat loving and drought tolerant. Self-seeds readily.",1,0.5,0.5,low,secondary,"edible_greens,edible_seed",40-50,7-14 days,,Greenpatch Organic Seeds
Amaranthus,Calaloo,Amaranth (Calaloo),Amaranthus spp.,Amaranthaceae,Central/South America,"Dual-purpose plant - leaves eaten as greens, seeds as grain. Chinese Spinach varieties grown for leaves. Heat loving and drought tolerant. Self-seeds readily.",1,0.5,0.5,low,secondary,"edible_greens,edible_seed",40-50,7-14 days,,Johnsons
Amla,,Amla,Phyllanthus emblica,Phyllanthaceae,South Asia (India),Indian Gooseberry tree to 10m. Fruits extremely high in Vitamin C - sacred in Ayurvedic medicine. Deciduous. Drought tolerant once established. Frost sensitive when young.,50-100,10-20,15,high,secondary,"edible_fruit,medicinal",,,,Daleys Fruit Nursery (bought plant)
Apple,,Apple,Malus domestica,Rosaceae,Central Asia (Kazakhstan),Deciduous fruit tree. Seedlings variable - may take 5-10 years to fruit. Good for wildlife and biomass in syntropic systems.,50-100,10-20,20,medium,secondary,edible_fruit,,,,Daleys Fruit Nursery (bought plant)
Apricot,,Apricot,Prunus armeniaca,Rosaceae,Central Asia / China,"Deciduous stone fruit tree, 4-8m tall. Early flowering, produces sweet orange fruit in summer. Varieties like Bentley suited to warmer climates. In syntropic systems occupies high strata with seasonal canopy. Requires good drainage and benefits from wind protection.",20-30,3-10,1,high,secondary,"edible_fruit,canopy_cover,deciduous_light",100-150,21-60 days,365,Supermarket SEEDS/STONES
Arrowroot,,Arrowroot,Canna edulis,Cannaceae,South America (Andes/Peru),"Edible canna producing large starchy rhizomes. Fast-growing to 2m with banana-like leaves and red flowers. Rhizomes used as potato substitute or processed into gluten-free arrowroot flour. Leaves edible and useful as mulch or animal fodder. Frost tender, dies back in winter.",2,3-10,8,medium,pioneer,"edible_root,biomass_producer,animal_fodder,mulch_plant",,,,Minimbah Permaculture Farm (given plant)
Australian Climbing Bluebell,,Australian Climbing Bluebell,Billardiera fusiformis,Pittosporaceae,Native to Eastern Australia,Native Australian twining climber with blue bell-shaped flowers. Purple edible berry fruit. Frost tolerant groundcover or climber.,5-10,3-10,5,low,secondary,"edible_fruit,native_habitat,ornamental",,21-90 days,,Mr Fothergill's
Avocado,,Avocado,Persea americana,Lauraceae,Central America (Mexico),Subtropical fruit tree with rich creamy flesh. Requires well-drained soil - will not tolerate wet feet. Plant A and B types together for better pollination and heavier crops.,200-400,10-20,20,high,climax,edible_fruit,,,,Supermarket SEEDS/STONES
Avocado,Hass,Avocado (Hass),Persea americana,Lauraceae,Central America (Mexico),Subtropical fruit tree with rich creamy flesh. Requires well-drained soil - will not tolerate wet feet. Plant A and B types together for better pollination and heavier crops.,200-400,10-20,20,high,climax,edible_fruit,,,,Daleys Fruit Nursery (bought plant)
Banagrass,,Banagrass,Cenchrus purpureus,Poaceae,Africa,Perennial tropical grass producing massive biomass for mulching. Also known as elephant grass or napier grass. Grows 3-4m tall. Excellent for erosion control and chop-and-drop.,10-15,3-10,4,high,pioneer,"biomass_producer,erosion_control",,,,Greenpatch Organic Seeds (bought plant)
Banana,,Banana,Musa acuminata,Musaceae,Southeast Asia,"Fast-growing tropical fruit producing bunches within 12-18 months. Excellent biomass - stems contain 90% water, perfect for chop-and-drop. Pioneer species providing quick shade. Remove suckers to maintain productivity.",5-10,3-10,5,high,pioneer,"edible_fruit,biomass_producer",,,,Minimbah Permaculture Farm (given plant)
Barley,,Barley,Hordeum vulgare,Poaceae,Fertile Crescent,Annual cereal grass used as green manure and cover crop in syntropic systems. Fast biomass producer that improves soil structure. Chop-and-drop before seeding to return nutrients. Cold tolerant.,1,0.5,0.3,low,pioneer,"green_manure,biomass_producer,living_mulch,erosion_control",,7-10 days,,Greenpatch Organic Seeds
Barley,Pearl,Barley (Pearl),Hordeum vulgare,Poaceae,Fertile Crescent,Annual cereal grass used as green manure and cover crop in syntropic systems. Fast biomass producer that improves soil structure. Chop-and-drop before seeding to return nutrients. Cold tolerant.,1,0.5,0.3,low,pioneer,"green_manure,biomass_producer,living_mulch,erosion_control",,7-10 days,,Various
Basil - Perennial,,Basil - Perennial,Ocimum basilicum,Lamiaceae,South Asia/Africa,Thai basil variety with distinctive anise-like flavor and purple stems. Essential for Southeast Asian cuisine. Loves heat.,1-2,1-3,2,medium,secondary,"aromatic,edible_greens",,,28-56,Johnsons
Basil - Perennial,Greek,Basil - Perennial (Greek),Ocimum minimum,Lamiaceae,Mediterranean / Asia,"Greek varietyCompact, bushy perennial basil forming a dense mound of tiny aromatic leaves. More cold-tolerant than sweet basil. In syntropic systems works as low-to-medium strata aromatic companion plant. Repels pests and attracts beneficial insects. Can persist for multiple seasons in frost-free areas.",2-3,1-3,1,low,secondary,"edible_leaf,aromatic,companion_plant,pest_deterrent",45-60,5-10 days,28-42,Greenpatch Organic (bought plant)
Basil - Perennial,Thai Siam Queen,Basil - Perennial (Thai),Ocimum basilicum,Lamiaceae,South Asia/Africa,Thai basil variety with distinctive anise-like flavor and purple stems. Essential for Southeast Asian cuisine. Loves heat.,1-2,1-3,2,medium,secondary,"aromatic,edible_greens",,,28-56,Johnsons
Basil - Sweet,Classic,Basil - Sweet (Classic),Ocimum basilicum,Lamiaceae,South Asia/Africa,Classic sweet Genovese-type basil. Essential for pesto and Italian cooking. Pinch flowers to prolong harvest.,1,0.5,0.5,low,secondary,"aromatic,edible_greens",60-90,,21-42,D.T. Brown
Basil - Sweet,Gourmet Mix,Basil - Sweet (Gourmet Mix),Ocimum basilicum,Lamiaceae,South Asia/Africa,Mixed variety basil seeds producing range of colors and flavors. Annual herb - succession plant through warm months.,1,0.5,0.5,low,secondary,"aromatic,edible_greens",60-90,,21-42,Yates
Bean - Climbing,,Bean - Climbing,Phaseolus vulgaris,Fabaceae,Central/South America,Climbing bean varieties needing support structure. Higher yielding than bush types. Includes Blue Lake and Snake Bean varieties. Keep picked for continuous production.,1,0.5,0.5,medium,secondary,"edible_seed,nitrogen_fixer",60-70,7-14 days,14-21,Greenpatch Organic Seeds
Bean - Climbing,Blue Lake,Bean - Climbing (Blue Lake),Phaseolus vulgaris,Fabaceae,Central/South America,Climbing bean varieties needing support structure. Higher yielding than bush types. Includes Blue Lake and Snake Bean varieties. Keep picked for continuous production.,1,0.5,0.5,medium,secondary,"edible_seed,nitrogen_fixer",60-70,7-14 days,14-21,Mr Fothergill's
Bean - Climbing,Purple King,Bean - Climbing (Purple King),Phaseolus vulgaris,Fabaceae,Central/South America,Climbing bean varieties needing support structure. Higher yielding than bush types. Includes Blue Lake and Snake Bean varieties. Keep picked for continuous production.,1,0.5,0.5,medium,secondary,"edible_seed,nitrogen_fixer",60-70,7-14 days,14-21,Mr Fothergill's
Bean - Dwarf,,Bean - Dwarf,Phaseolus vulgaris,Fabaceae,Central/South America,"Bush bean varieties not requiring support. Fast growing nitrogen-fixer. Many varieties including Purple Beauty, Brown Beauty, Borlotti. Pick frequently to extend harvest.",1,0.5,0.5,low,secondary,"edible_seed,nitrogen_fixer",55-65,7-14 days,14-21,Garden Basics
Bean - Dwarf,Borlotti,Bean - Dwarf (Borlotti),Phaseolus vulgaris,Fabaceae,Central/South America,"Bush bean varieties not requiring support. Fast growing nitrogen-fixer. Many varieties including Purple Beauty, Brown Beauty, Borlotti. Pick frequently to extend harvest.",1,0.5,0.5,low,secondary,"edible_seed,nitrogen_fixer",55-65,7-14 days,14-21,Greenpatch Organic Seeds
Bee & Butterfly Mix,,Bee & Butterfly Mix,Mixed species,Mixed,Various,Mixed flower seed blend specifically selected to attract bees and butterflies. Contains nectar and pollen-rich flowers.,1,0.5,0.5,low,secondary,"beneficial_insects,nectar_source,ornamental",,7-21 days,,Mr Fothergill's
Beetroot,,Beetroot,Beta vulgaris,Amaranthaceae,Mediterranean,Root vegetable with edible leaves and sweet red roots. Easy to grow year-round in mild climates. Related to silverbeet. Thin seedlings as multiple seeds per cluster.,1,0.5,0.5,low,secondary,"edible_root,edible_greens",55-70,10-14 days,21-35,various
Beetroot,Crimson Globe,Beetroot (Crimson Globe),Beta vulgaris,Amaranthaceae,Mediterranean,Root vegetable with edible leaves and sweet red roots. Easy to grow year-round in mild climates. Related to silverbeet. Thin seedlings as multiple seeds per cluster.,1,0.5,0.5,low,secondary,"edible_root,edible_greens",55-70,10-14 days,21-35,Mr Fothergill's
Beetroot,Moulin Rouge,Beetroot (Moulin Rouge),Beta vulgaris,Amaranthaceae,Mediterranean,Root vegetable with edible leaves and sweet red roots. Easy to grow year-round in mild climates. Related to silverbeet. Thin seedlings as multiple seeds per cluster.,1,0.5,0.5,low,secondary,"edible_root,edible_greens",55-70,10-14 days,21-35,Mr Fothergill's
Black Coral Pea,,Black Coral Pea,Kennedia nigricans,Fabaceae,Native to Western Australia,Native Australian nitrogen-fixing climbing vine. Striking black and yellow pea flowers. Excellent for covering fences and trellises.,5-10,3-10,5,low,pioneer,"nitrogen_fixer,native_habitat,ornamental,erosion_control",,14-28 days,28-42,"Beck & Dan, Krambach (given seeds)"
Black She-oak,,Black She-oak,Allocasuarina littoralis,Casuarinaceae,Native to NSW,Australian native nitrogen-fixing tree to 8m. Excellent pioneer for poor soils. Fixes nitrogen via Frankia bacteria. Fine needle-like foliage provides light shade. Fire-resistant. Important habitat for Black Cockatoos.,50-100,10-20,15,high,pioneer,"nitrogen_fixer,native_habitat,erosion_control,windbreak",,,,Minimbah Permaculture Farm (given seeds)
Blackberry,,Blackberry,Rubus fruticosus,Rosaceae,Europe/Asia,Perennial berry bramble producing dark sweet fruit. Thorny canes need support. Very vigorous - requires management to prevent spread. Fruits on second-year wood.,15-25,10-20,8,low,secondary,edible_fruit,,,,Greenpatch Organic Seeds (bought plant)
Blueberry,,Blueberry,Vaccinium corymbosum,Ericaceae,North America,Acid-loving berry shrub requiring pH 4.5-5.5. Needs consistent moisture and good drainage. Beautiful autumn foliage.,20-50,20+,30,low,secondary,edible_fruit,,,,FFC (cutting plant)
Borage,,Borage,Borago officinalis,Boraginaceae,Mediterranean,Blue-flowered annual herb attracting bees. Cucumber-flavored leaves and flowers are edible. Self-seeds readily. Excellent companion plant.,1,0.5,1,low,pioneer,"beneficial_insects,edible_flower,edible_greens,companion_plant",60-80,5-10 days,21-28,various
Borage,Blue Flower,Borage (Blue Flower),Borago officinalis,Boraginaceae,Mediterranean,Blue-flowered annual herb attracting bees. Cucumber-flavored leaves and flowers are edible. Self-seeds readily. Excellent companion plant.,1,0.5,1,low,pioneer,"beneficial_insects,edible_flower,edible_greens,companion_plant",60-80,5-10 days,21-28,Greenpatch Organic Seeds
Borage,White Flower,Borage (White Flower),Borago officinalis,Boraginaceae,Mediterranean,White-flowered annual herb attracting bees. Cucumber-flavored leaves and flowers are edible. Self-seeds readily. Excellent companion plant.,1,0.5,1,low,pioneer,"beneficial_insects,edible_flower,edible_greens,companion_plant",60-80,5-10 days,21-28,Greenpatch Organic Seeds
Broad Bean,,Broad Bean,Vicia faba,Fabaceae,Mediterranean,Cool season nitrogen-fixing legume producing large edible beans. Excellent green manure and cover crop. Deep roots improve soil structure. Frost tolerant. Part of traditional green manure mixes in syntropic systems.,1,0.5,1,medium,pioneer,"nitrogen_fixer,green_manure,edible_seed",90-120,7-10 days,,Various
Broad Bean,Long Pod,Broad Bean (Long Pod),Vicia faba,Fabaceae,Mediterranean,Cool season nitrogen-fixing legume producing large edible beans. Excellent green manure and cover crop. Deep roots improve soil structure. Frost tolerant. Part of traditional green manure mixes in syntropic systems.,1,0.5,1,medium,pioneer,"nitrogen_fixer,green_manure,edible_seed",90-120,7-10 days,,Greenpatch Organic Seeds
Broccoletti,Raab Rapini,Broccoletti (Raab Rapini),Brassica oleracea var. italica,Brassicaceae,Mediterranean,Cool season vegetable. Harvest main head then side shoots continue producing. Rich in vitamins and minerals.,1,0.5,0.5,low,secondary,"edible_greens,edible_flower",80-100,,21-42,Mr Fothergill's
Broccoli,Summer Green,Broccoli,Brassica oleracea var. italica,Brassicaceae,Mediterranean,Cool season vegetable. Harvest main head then side shoots continue producing. Rich in vitamins and minerals.,1,0.5,0.5,low,secondary,"edible_greens,edible_flower",80-100,,21-42,Yates
Broccoli,Summer Green,Broccoli (Summer Green),Brassica oleracea var. italica,Brassicaceae,Mediterranean,Cool season vegetable. Harvest main head then side shoots continue producing. Rich in vitamins and minerals.,1,0.5,0.5,low,secondary,"edible_greens,edible_flower",80-100,,21-42,Yates
Brussels Sprout,,Brussels Sprout,Brassica oleracea var. gemmifera,Brassicaceae,Europe (Belgium),Cool season brassica producing small cabbage-like sprouts along tall stem. Needs long cool growing season. Flavor sweetens after frost. Remove lower leaves as sprouts develop.,1,0.5,0.5,low,secondary,edible_greens,90-120,5-10 days,28-42,Mr Fothergill's
Buckwheat,,Buckwheat,Fagopyrum esculentum,Polygonaceae,Central Asia,Fast-growing green manure ready to slash in 6-8 weeks. Excellent bee forage with white flowers. Accumulates phosphorus. Seeds edible. Not a true wheat - gluten free.,1,0.5,0.5,low,pioneer,"green_manure,nectar_source,beneficial_insects,edible_seed",30-45,3-5 days,,FFC
Bunnya Pine,,Bunnya Pine,Araucaria bidwilii,Araucariacea,Australian native,"Araucaria bidwillii, commonly known as the bunya pine, banya or bunya-bunya, is a large evergreen coniferous tree in the family Araucariaceae which is endemic to Australia. Its natural range is southeast Queensland with two very small, disjunct populations in northeast Queensland's World Heritage listed Wet Tropics.",400-600,10-20,30,emergent,climax,"edible_seed,timber,native_habitat,biomass_producer",,,,Gloucester Park
Pumpkin,Butternut,Butternut Pumpkin,Cucurbita maxima,Cucurbitaceae,South America,Classic Australian grey pumpkin with dense orange flesh. Excellent keeper - stores for months. Sweet nutty flavor.,1,0.5,0.5,low,secondary,edible_fruit,100-120,7-14 days,21-42,Mr Fothergill's
Cabbage,,Cabbage,Brassica oleracea,Brassicaceae,Europe (Mediterranean),Crinkled leaf savoy cabbage with mild sweet flavor. More tender than smooth-leaf varieties. Frost tolerant.,1,0.5,0.5,low,secondary,edible_greens,70-120,,21-42,Greenpatch Organic Seeds
Cabbage,Golden Acre,Cabbage (Golden Acre),Brassica oleracea var. capitata,Brassicaceae,Europe (Mediterranean),Compact round green cabbage. Early maturing variety good for small spaces. Firm crisp heads.,1,0.5,0.5,low,secondary,edible_greens,70-120,2 to 7 weeks,21-42,Greenpatch Organic Seeds
Cabbage,Red,Cabbage (Red),Brassica oleracea var. capitata,Brassicaceae,Europe (Mediterranean),Red cabbage variety rich in anthocyanins. Good for salads and pickling. Stores well.,1,0.5,0.5,low,secondary,edible_greens,70-120,3 to 4 weeks,21-42,Greenpatch Organic Seeds
Cabbage,Savoy Vertu,Cabbage (Savoy Vertu),Brassica oleracea var. capitata,Brassicaceae,Europe (Mediterranean),Crinkled leaf savoy cabbage with mild sweet flavor. More tender than smooth-leaf varieties. Frost tolerant.,1,0.5,0.5,low,secondary,edible_greens,70-120,,21-42,Greenpatch Organic Seeds
Calendula,,Calendula,Calendula officinalis,Asteraceae,Mediterranean,Medicinal flower with edible petals. Attracts beneficial insects and pollinators. Self-seeds readily.,1,0.5,0.5,low,secondary,"medicinal,edible_flower,beneficial_insects",,,21-42,FFC
Cape Gooseberry,,Cape Gooseberry,Physalis peruviana,Solanaceae,South America (Peru),Perennial fruiting plant producing golden berries in papery husks. Sweet-tart flavor. Self-seeds readily. Frost sensitive but regrows from roots.,3-5,1-3,2-3,medium,secondary,edible_fruit,,2 to 7 weeks,28-56,EDEN SEEDS
Capsicum,,Capsicum,Capsicum annuum,Solanaceae,Central/South America,"Sweet pepper variety. Needs warm conditions and regular water. Fruits green ripening to red, yellow or orange depending on variety.",1-3,3-10,5,medium,secondary,edible_fruit,,,,FFC
Capsicum,Red,Capsicum (Red),Capsicum annuum,Solanaceae,Central/South America,Red sweet capsicum. Allow to fully ripen on plant for sweetest flavor and highest vitamin C content.,1-3,3-10,6,medium,secondary,edible_fruit,,3 to 4 weeks,,Mr Fothergill's
Carob,,Carob,Ceratonia siliqua,Fabaceae,Mediterranean,"Nitrogen-fixing tree producing edible pods as chocolate substitute. Drought tolerant once established, excellent for syntropic systems providing shade and biomass.",100-200,10-20,20,emergent,climax,"nitrogen_fixer,edible_fruit,fodder",,2 to 7 weeks,,EDEN SEEDS
Carrot,Purple Dragon,Carrot,Daucus carota,Apiaceae,Central Asia (Afghanistan),Root vegetable rich in beta-carotene. Sow direct as dislikes transplanting. Thin seedlings for proper root development. Loose deep soil produces best roots.,1,0.5,0.5,low,secondary,edible_root,65-80,14-21 days,,Country Value
Castor Bean,,Castor Bean,Ricinus communis,Euphorbiaceae,East Africa,Fast-growing tropical shrub to 4m with large palmate leaves. Seeds produce castor oil. CAUTION: Seeds highly toxic. Excellent biomass pioneer - grows rapidly on poor soils. Self-seeds readily.,3-5,3-10,5,medium,pioneer,"biomass_producer,oil_production",,,,EDEN SEEDS
Cattail,,Cattail,Typha spp.,Typhaceae,Cosmopolitan,Prominent wetland plant with robust grass-like appearance and cigar-shaped brown flower spikes. Excellent for water filtration and erosion control in dam edges.,10-20,3-10,2,medium,pioneer,"erosion_control,native_habitat,biomass_producer",,,,Various
Cauliflower,,Cauliflower,Brassica oleracea var. botrytis,Brassicaceae,Mediterranean,Cool season brassica grown for white curd. More demanding than other brassicas. Needs consistent moisture and nutrients. Tie leaves over curd to keep white.,1,0.5,0.5,low,secondary,edible_greens,55-100,5-10 days,28-42,Mr Fothergill's
Celery,,Celery,Apium graveolens,Apiaceae,Mediterranean,Biennial vegetable grown for crisp stalks. Heavy feeder requiring rich moist soil. Harvest outer stalks first or whole plant.,2,1-3,0.5,low,secondary,edible_greens,85-120,2-3 weeks,42-70,Various
Celery,Golden Self Blanching,Celery (Golden Self Blanching),Apium graveolens,Apiaceae,Europe,"Heirloom self-blanching celery with yellow-green stalks. No earthing up required. Thick ribs, crisp texture, mild flavor without bitterness. Dwarf compact habit to 40-60cm.",2,1-3,0.5,low,secondary,edible_greens,85-105,14-21 days,42-70,Mr Fothergill's
Celery,Tendercrisp,Celery (Tendercrisp),Apium graveolens,Apiaceae,USA,"Pascal-type heirloom celery introduced 1969. Dark green stalks 11-12 inches to first joint. Smooth, thick, non-fibrous with crisp juicy texture and subtle nutty flavor. Large flavorful leaves edible for salads and soups.",2,1-3,0.5,low,secondary,edible_greens,90-112,15-20 days,42-70,Greenpatch Organic Seeds
Chamomile,,Chamomile,Chamaemelum nobile,Asteraceae,Europe/Western Asia,Low-growing aromatic herb with daisy-like flowers. Used for calming herbal tea. Apple-scented foliage. Perennial groundcover type.,2-3,1-3,2,low,secondary,"medicinal,aromatic,beneficial_insects,companion_plant",90-120,14-21 days,28-42,Mr Fothergill's
Chilli,,Chilli,Capsicum annuum,Solanaceae,Central/South America,"Medium-hot jalapeño pepper. Thick-walled fruits good fresh, pickled or smoked (chipotle). Heavy producer.",1-3,3-10,5,medium,secondary,edible_fruit,,,,FFC
Chilli,Big Jim,Chilli (Big Jim),Capsicum annuum,Solanaceae,Central/South America,"Medium-hot jalapeño pepper. Thick-walled fruits good fresh, pickled or smoked (chipotle). Heavy producer.",1-3,3-10,5,medium,secondary,edible_fruit,80-100,10-21 days,42-56,Mr Fothergill's
Chilli,Bird Eye,Chilli (Bird Eye),Capsicum annuum,Solanaceae,Central/South America,"Compact, prolific chilli variety producing small, intensely hot fruits. Also known as Thai chilli. Plants are bushy and productive over multiple seasons in frost-free areas. Excellent companion plant attracting beneficial insects when flowering. Fruits ripen from green to red.",1-3,0.5,1,medium,secondary,"edible_fruit,companion_plant,beneficial_insects",80-100,10-21 days,42-56,Various
Chilli,Cayenne,Chilli (Cayenne),Capsicum annuum,Solanaceae,Central/South America,Hot cayenne pepper variety. Long thin red fruits excellent for drying. Prolific producer in warm conditions.,1-3,3-10,5,medium,secondary,edible_fruit,,,,FFC (farm saved)
Chilli,Devil's Brew,Chilli (Devil's Brew),Capsicum annuum,Solanaceae,Central/South America,"Bushy hot chilli producing a colourful mix of long slender peppers ripening yellow, green and red. Very hot. Compact habit suits containers and dense syntropic understory plantings. Prolific producer in warm conditions.",1-3,0.5-1,1,medium,secondary,"edible_fruit,companion_plant",80-100,10-21 days,42-56,Mr Fothergill's
Chilli,Jalapeño,Chilli (Jalapeño),Capsicum annuum,Solanaceae,Central/South America,"Medium-hot jalapeño pepper. Thick-walled fruits good fresh, pickled or smoked (chipotle). Heavy producer.",1-3,3-10,5,medium,secondary,edible_fruit,,,,FFC (farm saved)
Chives,,Chives,Allium schoenoprasum,Amaryllidaceae,Northern Hemisphere,Perennial onion-flavored herb forming clumps. Pink-purple flowers edible. Cut regularly to encourage fresh growth.,3-5,3-10,5,low,secondary,"aromatic,edible_greens",,,21-42,Johnsons
Chives - Garlic,,Chives - Garlic,Allium tuberosum,Amaryllidaceae,Southeast Asia / China,"Perennial herb with flat leaves and garlic-flavoured taste. Grows in clumps, spreading slowly. White star-shaped flowers attract pollinators. In syntropic systems serves as low-strata edible companion plant with pest-repelling properties. Hardy and low-maintenance once established.",5+,1-3,1,low,secondary,"edible_leaf,companion_plant,pest_deterrent,pollinator_attractor",60-90,14-21 days,42-56,Mr Fothergill's
Choko,,Choko,Sechium edule,Cucurbitaceae,Central America (Mexico),"Vigorous perennial vine with edible fruits, shoots and tubers. Single plant can produce 100+ fruit. Needs strong support structure. Frost sensitive tops but perennial root survives mild frost.",5-10,3-10,4,medium,secondary,"edible_fruit,edible_greens,edible_root",,,,Krambach Pub
Citrus,Yuzu,Citrus (Yuzu),Citrus junos,Rutaceae,East Asia (China/Japan),Cold-hardy citrus tree to 4m producing highly aromatic yellow fruit prized for zest and juice. More frost tolerant than most citrus. Thorny. Slow growing but long-lived. Used extensively in Japanese cuisine.,50+,10+,5,medium,secondary,"edible_fruit,aromatic",,,,Daleys Fruit Nursery (bought plant)
Clover,,Clover,Trifolium repens,Fabaceae,Europe / Central Asia,"Low-growing perennial legume, spreading via stolons. Excellent nitrogen fixer and living mulch. In syntropic systems serves as ground-cover layer in placenta/low strata, fixing atmospheric nitrogen and suppressing weeds. Attracts pollinators. Tolerates mowing and foot traffic.",3-5,1-3,1,low,pioneer,"nitrogen_fixer,living_mulch,groundcover,pollinator_attractor",0,7-14 days,0,Various
Clover,Crimson,Clover (Crimson),Trifolium pratense,Fabaceae,Europe/Western Asia,Perennial nitrogen-fixing legume. Excellent bee forage with pink flowers. Living mulch and green manure. Deep roots bring up minerals. Edible flowers.,2-3,1-3,2,low,pioneer,"nitrogen_fixer,living_mulch,green_manure,nectar_source,beneficial_insects",,7-14 days,,Greenpatch Organic Seeds
Clover,Red Persian,Clover (Red Persian),Trifolium pratense,Fabaceae,Europe/Western Asia,Perennial nitrogen-fixing legume. Excellent bee forage with pink flowers. Living mulch and green manure. Deep roots bring up minerals. Edible flowers.,2-3,1-3,2,low,pioneer,"nitrogen_fixer,living_mulch,green_manure,nectar_source,beneficial_insects",,7-14 days,,Greenpatch Organic Seeds
Clover,White Haifa,Clover (White Haifa),Trifolium repens,Fabaceae,Europe / Central Asia,"Low-growing perennial legume, spreading via stolons. Excellent nitrogen fixer and living mulch. In syntropic systems serves as ground-cover layer in placenta/low strata, fixing atmospheric nitrogen and suppressing weeds. Attracts pollinators. Tolerates mowing and foot traffic.",3-5,1-3,1,low,pioneer,"nitrogen_fixer,living_mulch,groundcover,pollinator_attractor",0,7-14 days,0,Greenpatch Organic Seeds
Coffee,,Coffee,Coffea arabica,Rubiaceae,East Africa (Ethiopia),Tropical understory shrub to 5m producing coffee beans. Prefers filtered light - ideal below taller trees. First harvest in 3-4 years. White fragrant flowers. Frost sensitive.,50-100,20+,15,medium,climax,edible_seed,,,,Yacob Tinonee Farm (given plant)
Coffee,Arabica,Coffee (Arabica),Coffea arabica,Rubiaceae,East Africa (Ethiopia),Tropical understory shrub to 5m producing coffee beans. Prefers filtered light - ideal below taller trees. First harvest in 3-4 years. White fragrant flowers. Frost sensitive.,50-100,20+,15,medium,climax,edible_seed,,,,Daleys Fruit Nursery (bought plant)
Comfrey,,Comfrey,Symphytum officinale,Boraginaceae,Europe,Deep-rooted nutrient accumulator bringing minerals from subsoil. Excellent for chop-and-drop mulching - produces massive biomass. Cut 4-5 times per season.,20-40,3-10,10,low,secondary,"nutrient_accumulator,biomass_producer,medicinal",,,,FFC
Coriander,,Coriander,Coriandrum sativum,Apiaceae,Mediterranean/Middle East,Aromatic herb - leaves (cilantro) and seeds both used. Bolts quickly in heat - plant in cool season or part shade. Self-seeds readily. Attracts beneficial insects.,1,0.5,0.5,low,secondary,"aromatic,edible_greens,edible_seed,beneficial_insects",40-50,7-14 days,,Mr Fothergill's
Corn,,Corn,Zea mays,Poaceae,Central America (Mexico),Warm season grass producing sweet corn cobs. Manning Pride is NSW-adapted variety. Plant in blocks for wind pollination. Excellent biomass from stalks after harvest.,1,0.5,0.5,emergent,secondary,"edible_seed,biomass_producer",70-90,7-10 days,14-21,Greenpatch Organic Seeds
Corn,Manning Pride,Corn (Manning Pride),Zea mays,Poaceae,Central America (Mexico),Warm season grass producing sweet corn cobs. Manning Pride is NSW-adapted variety. Plant in blocks for wind pollination. Excellent biomass from stalks after harvest.,1,0.5,0.5,emergent,secondary,"edible_seed,biomass_producer",70-90,7-10 days,14-21,Greenpatch Organic Seeds
Corn,Sweet,Corn (Sweet),Zea mays,Poaceae,Central America (Mexico),Warm season grass producing sweet corn cobs. Manning Pride is NSW-adapted variety. Plant in blocks for wind pollination. Excellent biomass from stalks after harvest.,1,0.5,0.5,emergent,secondary,"edible_seed,biomass_producer",70-90,7-10 days,14-21,Greenpatch Organic Seeds
Cottage Garden Mix,,Cottage Garden Mix,Mixed species,Mixed,Various,Mixed flower seed blend for cottage garden style plantings. Contains various annual and perennial flowers. Species composition varies by supplier.,1,0.5,0.5,low,secondary,"ornamental,beneficial_insects",,7-21 days,,Mr Fothergill's
Cowpea,Red,Cowpea,Vigna unguiculata,Fabaceae,Africa,Tropical nitrogen-fixing legume. Excellent summer green manure. Drought tolerant. Edible pods and dried peas. Varieties include Black-Eyed Pea.,1,0.5,0.5,low,pioneer,"nitrogen_fixer,green_manure,edible_seed",60-90,7-10 days,,FFC (farm saved)
Cowpea,Red,Cowpea (Red),Vigna unguiculata,Fabaceae,Africa,Tropical nitrogen-fixing legume. Excellent summer green manure. Drought tolerant. Edible pods and dried peas. Varieties include Black-Eyed Pea.,1,0.5,0.5,low,pioneer,"nitrogen_fixer,green_manure,edible_seed",60-90,7-10 days,,"FFC, Greenpatch Organic Seeds"
Cucumber,,Cucumber,Cucumis sativus,Cucurbitaceae,South Asia (India),Long burpless cucumber variety. Mild flavor without bitterness. Needs warm soil and consistent moisture.,1,0.5,0.5,medium,secondary,edible_fruit,50-70,,21-42,Various
Cucumber,Burpless,Cucumber (Burpless),Cucumis sativus,Cucurbitaceae,South Asia (India),Long burpless cucumber variety. Mild flavor without bitterness. Needs warm soil and consistent moisture.,1,0.5,0.5,medium,secondary,edible_fruit,50-70,,21-42,Mr Fothergill's
Cucumber,Lebanese,Cucumber (Lebanese),Cucumis sativus,Cucurbitaceae,South Asia (India),"Short Lebanese-style cucumber. Thin skin, crisp flesh, mild flavor. Pick young for best quality.",1,0.5,0.5,medium,secondary,edible_fruit,50-70,,21-42,Mr Fothergill's
Cucumber,Space Master,Cucumber (Space Master),Cucumis sativus,Cucurbitaceae,South Asia (India),Long burpless cucumber variety. Mild flavor without bitterness. Needs warm soil and consistent moisture.,1,0.5,0.5,medium,secondary,edible_fruit,50-70,,21-42,Mr Fothergill's
Curry Leaf,,Curry Leaf,Murraya koenigii,Rutaceae,India / Sri Lanka,"Small evergreen tree, 2-4m tall. Aromatic leaves essential in Indian cuisine. Frost-sensitive but thrives in subtropical NSW. In syntropic systems works as medium-strata aromatic and culinary tree. Attracts beneficial insects when flowering. Slow to establish but productive once mature.",20+,3-10,1,medium,secondary,"edible_leaf,aromatic,beneficial_insects",365,14-21 days,90-180,Various
Davidson Plum,,Davidson Plum,Davidsonia jerseyana,Cunoniaceae,Australia,"Native Australian rainforest tree growing 5-10m. Produces large dark purple plums directly from trunk (cauliflorous). Fruit is tart and rich in antioxidants, used in jams, sauces and bush tucker cuisine. Needs sheltered position with some shade when young. Frost-sensitive but suits subtropical NSW. Valuable native food tree in syntropic systems.",50+,10-20,8,high,climax,"edible_fruit,native_habitat,nectar_source",,,,Daleys Fruit Nursery (bought plant)
Dianella,,Dianella,Dianella spp.,Asphodelaceae,Australia,"Australian native flax lily with tough strap-like leaves and small blue-purple flowers followed by purple berries. Hardy groundcover tolerant of drought and frost. Provides native habitat, erosion control and food for birds.",10-20,5-10,2,low,secondary,"native_habitat,erosion_control,ornamental",,,,Minimbah Permaculture Farm (given plant)
Dill,,Dill,Anethum graveolens,Apiaceae,Mediterranean/Western Asia,Aromatic herb with feathery leaves. Seeds and leaves both culinary. Attracts beneficial insects. Self-seeds readily.,1,0.5,0.5,low,secondary,"aromatic,edible_greens,beneficial_insects",,,21-42,Mr Fothergill's
Eggplant,,Eggplant,Solanum melongena,Solanaceae,South Asia,Long purple eggplant variety. Needs warm conditions and consistent moisture. Harvest when skin is glossy.,1,0.5,0.5,medium,secondary,edible_fruit,70-85,,21-42,Various
Eggplant,Long Purple,Eggplant (Long Purple),Solanum melongena,Solanaceae,South Asia,Long purple eggplant variety. Needs warm conditions and consistent moisture. Harvest when skin is glossy.,1,0.5,0.5,medium,secondary,edible_fruit,70-85,,21-42,Mr Fothergill's
Eucalypt-Gum (Generic),,Eucalypt-Gum (Generic),Eucalyptus,Myrtaceae,Native to Australia,Native eucalypt,100-200,20+,50,emergent,secondary,"aromatic,medicinal,nectar_source,native_habitat",,3 to 4 weeks,,Various
Everlastings,,Everlastings,Rhodanthe chlorocephala,Asteraceae,Native to Australia,Native Australian paper daisy. Pink and white flowers excellent for drying. Annual wildflower. Drought tolerant.,1,0.5,0.5,low,pioneer,"ornamental,native_habitat,beneficial_insects",90-120,14-21 days,21-35,Mr Fothergill's
Fennel,,Fennel,Foeniculum vulgare,Apiaceae,Mediterranean,"Aromatic herb with anise-flavored bulb, fronds and seeds. Florence fennel grown for bulb. Attracts beneficial insects. Self-seeds readily.",2-3,1-3,2,low,secondary,"edible_greens,edible_seed,aromatic,beneficial_insects",80-115,10-14 days,28-42,EDEN SEEDS
Fig,,Fig,Ficus carica,Moraceae,Mediterranean/Western Asia,Deciduous fruit tree producing sweet fruits. Drought tolerant once established. Loves warm Mediterranean-type climate but produces well in subtropical and temperate areas. Give sunny position and well-drained soil.,50-200,10-20,20,high,secondary,edible_fruit,,,,"Daleys Fruit Nursery (bought plant), FFC (1st ORCHARD)"
Finger Lime,,Finger Lime,Citrus australasica,Rutaceae,Native to NSW/QLD,Australian native rainforest citrus producing unique caviar-like lime pearls. Thorny shrub to 6m. Fruit highly prized by chefs. Slow growing but very long-lived. Prefers part shade when young.,50-100,10-20,15,medium,secondary,"edible_fruit,native_habitat",,,,Daleys Fruit Nursery
Forest Red Gum,,Forest Red Gum,Eucalyptus tereticornis,Myrtaceae,Native to NSW,Tall Australian native eucalypt growing to 50m. Excellent honey producer and timber tree. Fast-growing emergent providing wildlife habitat and wind protection.,200-400,20+,50,emergent,climax,"timber,nectar_source,native_habitat,erosion_control",,3 to 4 weeks,,The Seed Vine
Forget-Me-Not,,Forget-Me-Not,Myosotis sylvatica,Boraginaceae,Europe,Delicate blue flowering plant. Biennial or short-lived perennial. Self-seeds freely. Excellent for cottage gardens and attracting pollinators.,2,1-3,1,low,secondary,"ornamental,beneficial_insects",,14-21 days,28-42,Mr Fothergill's
Garlic,,Garlic,Allium sativum,Amaryllidaceae,Central Asia,"Pungent bulb crop grown for culinary and medicinal use. Plant cloves in autumn for summer harvest. Excellent companion plant with pest-repelling properties. Requires vernalisation (cold period) for bulb formation. In syntropic systems, works as low-strata ground layer providing pest deterrence.",1,0.5,1,low,secondary,"edible_bulb,companion_plant,pest_deterrent",150-210,7-14 days,0,Various
Garlic Chives,,Garlic Chives,Allium tuberosum,Amaryllidaceae,Southeast Asia / China,"Perennial herb with flat leaves and garlic-flavoured taste. Grows in clumps, spreading slowly. White star-shaped flowers attract pollinators. In syntropic systems serves as low-strata edible companion plant with pest-repelling properties. Hardy and low-maintenance once established.",5+,1-3,1,low,secondary,"edible_leaf,companion_plant,pest_deterrent,pollinator_attractor",60-90,14-21 days,42-56,Various
Geranium,,Geranium,Pelargonium graveolens,Geraniaceae,South Africa,Scented leaf geranium with rose-like fragrance. Used for aromatics and pest management. Drought tolerant.,3-5,10-20,15,low,secondary,"aromatic,ornamental,pest_management",,,,"Beck & Dan, Krambach, May 2024"
Ginger,,Ginger,Zingiber officinale,Zingiberaceae,South Asia,"Tropical rhizome crop. Plant in spring, harvest when leaves yellow in autumn. Needs warmth, moisture and rich soil.",2-3,1-3,2,low,secondary,"edible_root,aromatic,medicinal",,,28-56,Saved seed (greengrocer)
Ginger - Galangal,,Ginger - Galangal,Alpinia galanga,Zingiberaceae,Southeast Asia,Tropical rhizome related to ginger with distinct pine-citrus flavor. Essential for Thai cooking. Needs warmth and humidity.,3-5,3-10,3,low,secondary,"edible_root,aromatic,medicinal",,,28-56,Various
Grape Vine,,Grape Vine,Vitis vinifera,Vitaceae,France (hybrid),French-American red wine grape variety. Disease resistant and productive. Deep colored wine. Needs trellising. Prefers warm dry autumn for ripening.,50-100,20+,20,medium,secondary,edible_fruit,,,,FFC (farm saved)
Grape Vine,Chambourcin,Grape Vine (Chambourcin),Vitis vinifera hybrid,Vitaceae,France (hybrid),French-American red wine grape variety. Disease resistant and productive. Deep colored wine. Needs trellising. Prefers warm dry autumn for ripening.,50-100,20+,20,medium,secondary,edible_fruit,,,,FFC (farm saved)
Grapefruit,,Grapefruit,Citrus × paradisi,Rutaceae,Barbados (hybrid),"Large evergreen citrus tree, 5-10m tall. Produces large tart-sweet fruit. Vigorous grower needing more space than other citrus. In syntropic systems occupies high strata as productive canopy tree. Prefers warm, frost-free conditions with consistent moisture.",50+,10+,1,high,secondary,"edible_fruit,canopy_cover",270-365,14-28 days,60-90,Various
Green Manure Mix,,Green Manure Mix,Mixed species,Mixed,Various,"Mixed seed blend for cover cropping and green manure. May include legumes, grasses, and brassicas for soil building.",1,0.5,0.5,low,pioneer,"green_manure,nitrogen_fixer,biomass_producer",,7-14 days,,Various
Guava,,Guava,Psidium,Myrtaceae,South America (Brazil),Drought tolerant once established. Can become weedy - harvest all fruit.,30-50,10-20,20,medium,secondary,edible_fruit,,2 to 8 weeks,,Daleys Fruit Nursery
Guava,Hawaiian,Guava (Hawaiian),Psidium guajava,Myrtaceae,South America (Brazil),Drought tolerant once established. Can become weedy - harvest all fruit.,30-50,10-20,20,medium,secondary,edible_fruit,,2 to 8 weeks,,Daleys Fruit Nursery
Guava,Purple,Guava (Purple),Psidium rufum,Myrtaceae,South America (Brazil),Drought tolerant once established. Can become weedy - harvest all fruit.,30-50,10-20,20,medium,secondary,edible_fruit,,2 to 8 weeks,,Daleys Fruit Nursery
Guava,Strawberry,Guava (Strawberry),Psidium cattleianum,Myrtaceae,South America (Brazil),Small fruiting tree with sweet yellow fruit. Drought tolerant once established. Can become weedy - harvest all fruit.,30-50,10-20,20,medium,secondary,edible_fruit,,2 to 8 weeks,,Daleys Fruit Nursery
Guava,Thai White,Guava (Thai White),Psidium guajava,Myrtaceae,South America (Brazil),Drought tolerant once established. Can become weedy - harvest all fruit.,30-50,10-20,20,medium,secondary,edible_fruit,,2 to 8 weeks,,Daleys Fruit Nursery
Gum,Peppermint,Gum (Peppermint),Eucalyptus radiata,Myrtaceae,Native to NSW,Aromatic native eucalypt with peppermint-scented leaves. Source of eucalyptus oil. Tolerates frost and poor soils.,100-200,20+,50,emergent,secondary,"aromatic,medicinal,nectar_source,native_habitat",,3 to 4 weeks,,EDEN SEEDS
Hyssop,,Hyssop,Hyssopus officinalis,Lamiaceae,Mediterranean/Southern Europe,Aromatic semi-evergreen herb to 60cm with blue-purple flower spikes. Excellent bee plant and companion plant. Traditionally used medicinally. Drought tolerant once established. Attracts beneficial insects.,5-10,3-5,2,low,secondary,"aromatic,medicinal,nectar_source,beneficial_insects,companion_plant",,14-21 days,,EDEN SEEDS
Ice Cream Bean,,Ice Cream Bean,Inga edulis,Fabaceae,South America,Fast-growing nitrogen-fixing tree with edible cotton-like fruit pulp. Excellent shade tree and biomass producer. Pods contain sweet white edible flesh around seeds.,30-50,20+,30,high,secondary,"nitrogen_fixer,edible_fruit,biomass_producer",,,,various
Jaboticaba,,Jaboticaba,Plinia cauliflora,Myrtaceae,South America (Brazil),Unusual Brazilian fruit tree with grapes growing directly on trunk (cauliflory). Sweet grape-like flavor. Slow growing but long-lived. Multiple fruiting flushes per year once mature.,100-200,20+,25,medium,climax,edible_fruit,,,,Daleys Fruit Nursery
Jacaranda,,Jacaranda,Jacaranda mimosifolia,Bignoniaceae,South America (Argentina),Ornamental tree with spectacular purple flowers in spring. Provides light dappled shade. Deciduous in winter.,50-100,20+,50,medium,secondary,"ornamental,nectar_source",,,,FFC collect in the area
Jackfruit,,Jackfruit,Artocarpus heterophyllus,Moraceae,South Asia (India),"Tropical tree producing world's largest tree fruit - up to 35kg. Sweet flesh when ripe, savory meat substitute when unripe. Related to breadfruit. Needs frost-free tropical conditions.",100-200,20+,30,high,climax,"edible_fruit,timber",,,,Daleys Fruit Nursery
Kale,Nero di Toscana,Kale (Nero di Toscana),Brassica oleracea var. acephala,Brassicaceae,Mediterranean,Nero di Toscana or Lacinato kale with dark blue-green strap leaves. Heat tolerant dinosaur kale. Highly nutritious cut-and-come-again leafy green.,2,1-3,1,low,secondary,edible_greens,55-75,5-10 days,21-35,Johnsons
Kangaroo Paw,,Kangaroo Paw,Anigozanthos flavidus,Haemodoraceae,Native to Western Australia,Native Australian perennial with tubular flowers resembling kangaroo paws. Attracts birds. Drought tolerant once established.,5-10,3-10,5,low,secondary,"ornamental,native_habitat,nectar_source",,21-60 days,42-56,Mr Fothergill's
Kennedia Nigricans,,Kennedia Nigricans,Kennedia nigricans,Fabaceae,Native to Western Australia,Native Australian nitrogen-fixing climbing vine. Striking black and yellow pea flowers. Excellent for covering fences and trellises. Same species as Black Coral Pea.,5-10,3-10,5,low,pioneer,"nitrogen_fixer,native_habitat,ornamental,erosion_control",,,,Australian Seeds
Kumquat,,Kumquat,Citrus japonica,Rutaceae,Southeast Asia / China,"Small evergreen citrus tree, 2-4m tall. Produces small oval fruit eaten whole including skin. More cold-hardy than most citrus. In syntropic systems works as medium-strata productive tree. Compact habit makes it suitable for tighter spacing.",40+,10+,1,medium,secondary,"edible_fruit,companion_plant",180-270,14-21 days,60-90,Daleys Fruit Nursery (bought plant)
Lavender,,Lavender,Lavandula,Lamiaceae,Mediterranean,Fragrant Mediterranean shrub with purple flower spikes. Drought tolerant. Attracts bees and beneficial insects. Prune after flowering.,10-15,10-20,5,medium,secondary,"aromatic,medicinal,beneficial_insects",,,,FFC (farm saved)
Lavender - French,French,Lavender - French,Lavandula dentata,Lamiaceae,Mediterranean,Fragrant Mediterranean shrub with purple flower spikes. Drought tolerant. Attracts bees and beneficial insects. Prune after flowering.,1-4,3-10,5,medium,secondary,"aromatic,medicinal,beneficial_insects",,,,FFC (farm saved)
Lavender - True,true,Lavender - True,Lavandula angustifolia,Lamiaceae,Mediterranean,Fragrant Mediterranean shrub with purple flower spikes. Drought tolerant. Attracts bees and beneficial insects. Prune after flowering.,10-15,10-20,5,medium,secondary,"aromatic,medicinal,beneficial_insects",,,,FFC (farm saved)
Leek,,Leek,Allium ampeloprasum,Amaryllidaceae,Mediterranean,Hardy onion relative grown for white stem. Hill soil around stems to blanch. Long growing season.,2,1-3,2,low,secondary,edible_greens,90-120,,28-56,Various
Leek,Carentan 2,Leek (Carentan 2),Allium ampeloprasum,Amaryllidaceae,Mediterranean,Hardy onion relative grown for white stem. Hill soil around stems to blanch. Long growing season.,2,1-3,2,low,secondary,edible_greens,90-120,,28-56,Mr Fothergill's
Lemon,,Lemon,Citrus limon,Rutaceae,South Asia,Citrus fruit tree producing year-round in subtropical conditions. Needs regular water and feeding. Frost sensitive when young.,50-100,10-20,20,medium,secondary,edible_fruit,,8 weeks,,Supermarket SEEDS/STONES
Lemon Balm,,Lemon Balm,Melissa officinalis,Lamiaceae,Southern Europe,Perennial herb with lemon-scented leaves. Used for tea and culinary. Spreads readily - can become invasive. Attracts bees. Calming medicinal properties.,5-10,3-10,5,low,secondary,"aromatic,medicinal,edible_greens,beneficial_insects",,14-21 days,28-42,Various
Lemon Myrtle,,Lemon Myrtle,Backhousia citriodora,Myrtaceae,Native to Queensland,Australian native rainforest tree with intensely lemon-scented leaves. Leaves used in cooking and for essential oil. Beautiful cream flowers attract bees.,50-100,10-20,20,high,secondary,"aromatic,edible_greens,native_habitat",,8 weeks,,EDEN SEEDS
Lemon-scented Tea Tree,,Lemon-scented Tea Tree,Leptospermum petersonii,Myrtaceae,Native to NSW/QLD coastal,"Australian native tea tree (5–8m) with strongly lemon-scented foliage. Tolerates drought once established. Attracts native bees and butterflies. Used for essential oil, hedge planting, and ornamental landscaping. Distinct from Tea Tree Oil (Melaleuca alternifolia) — same family, different genus.",30-50,10-20,,medium,secondary,"aromatic,medicinal,native_habitat,nectar_source",,21-30 days,,FFC
Lemongrass,,Lemongrass,Cymbopogon citratus,Poaceae,South Asia,Aromatic tropical grass with lemony stalks. Essential for Asian cooking. Forms large clumps. Frost sensitive.,4-6,3-10,4,low,secondary,"aromatic,medicinal,edible_greens,pest_management",,,,FFC
Lettuce,,Lettuce,Lactuca sativa,Asteraceae,Mediterranean,Succession plant for continuous supply.,1,0.5,0.5,medium,secondary,edible_greens,45-60,,21-42,Various
Lettuce,Cos,Lettuce (Cos),Lactuca sativa,Asteraceae,Mediterranean,Upright cos/romaine lettuce with crisp leaves. Heat tolerant variety. Harvest outer leaves or whole head.,1,0.5,0.5,medium,secondary,edible_greens,45-60,,21-42,Johnsons
Lettuce,Mix,Lettuce (Mix),Lactuca sativa,Asteraceae,Mediterranean,Mixed salad lettuce varieties for cut-and-come-again harvesting. Succession plant for continuous supply.,1,0.5,0.5,medium,secondary,edible_greens,45-60,,21-42,D.T. Brown
Lilly Pilly,,Lilly Pilly,Syzygium spp.,Myrtaceae,Native to NSW/QLD,Native Australian rainforest tree with edible pink/purple fruit. Dense glossy foliage. Good hedging plant. Attracts birds. Species to be verified.,50-100,10-20,15,high,secondary,"edible_fruit,native_habitat,ornamental",,30-90 days,,"FFC, MINIMBAH P F"
Linseed,,Linseed,Linum usitatissimum,Linaceae,Middle East,Flax grown for nutritious oilseeds. Blue flowers. Seeds rich in omega-3 fatty acids. Ancient crop also used for fiber.,1,0.5,0.5,low,secondary,"edible_seed,oil_production",90-120,7-10 days,,Supermarket
Flax,Brown,Linseed (Brown),Linum usitatissimum,Linaceae,Middle East,Brown-seeded flax variety grown for nutritious oilseeds rich in omega-3 fatty acids. Also used as green manure cover crop. Blue flowers.,1,0.5,0.5,low,secondary,"edible_seed,oil_production,green_manure",90-120,7-10 days,,Coles
Liquidambar,,Liquidambar,Liquidambar styraciflua,Altingiaceae,North America,American sweetgum. Large deciduous tree with spectacular autumn color. Star-shaped leaves. Spiky seed balls.,100-200,20+,50,emergent,climax,"ornamental,timber",,30-60 days,,FFC
Longan,,Longan,Dimocarpus longan,Sapindaceae,Southeast Asia,Tropical fruit tree related to lychee. Translucent sweet flesh around single seed. More cold tolerant than lychee. Dense evergreen canopy. Dragon's Eye fruit.,100-200,20+,25,high,climax,edible_fruit,,,,Daleys Fruit Nursery
Luffa,,Luffa,Luffa aegyptiaca,Cucurbitaceae,South Asia,Climbing vine producing edible fruit when young. Mature fruits dry to produce natural bath sponges. Needs long warm growing season.,1,0.5,0.5,low,secondary,edible_fruit,120-150,7-14 days,21-35,Greenpatch Organic Seeds
Lupin,,Lupin,Lupinus hartwegii,Fabaceae,Central America (Mexico),Ornamental annual lupin with blue/pink/white flowers. Nitrogen-fixing legume. Good for cut flowers and soil building.,1,0.5,0.5,low,pioneer,"nitrogen_fixer,ornamental,beneficial_insects",90-120,14-21 days,21-35,Greenpatch Organic Seeds
Macadamia,,Macadamia,Macadamia integrifolia,Proteaceae,Native to NSW/QLD,Australian native rainforest tree producing premium edible nuts. World's most valuable commercial nut crop originated from NSW. Grows 10-15m. Needs well-drained acid soil. Beautiful cream flower racemes.,100-200,20+,25,high,climax,"edible_nut,native_habitat,nectar_source",,,,Daleys Fruit Nursery
Malabar Chestnut,,Malabar Chestnut,Pachira aquatica,Malvaceae,Central/South America,Tropical tree to 18m with edible chestnut-like seeds. Often sold as money tree houseplant. Seeds roasted taste like peanuts. Tolerates wet conditions.,50-100,20+,20,high,secondary,edible_nut,,,,Daleys Fruit Nursery
Mango,,Mango,Mangifera indica,Anacardiaceae,South Asia (India),Tropical fruit tree producing delicious sweet fruit. Long-lived climax species. Grafted trees fruit quicker than seedlings. Needs frost-free position.,100-300,20+,50,high,climax,edible_fruit,,,,Daleys Fruit Nursery
Marigold,,Marigold,Tagetes patula,Asteraceae,Central America (Mexico),Companion plant repelling pests with strong scent. Root exudates suppress soil nematodes. Orange and yellow flowers attract pollinators. Easy annual.,1,0.5,0.5,low,secondary,"pest_management,beneficial_insects,companion_plant",45-50,5-7 days,14-28,Various
Marigold,African,Marigold (African),Tagetes patula,Asteraceae,Central America (Mexico),Companion plant repelling pests with strong scent. Root exudates suppress soil nematodes. Orange and yellow flowers attract pollinators. Easy annual.,1,0.5,0.5,low,secondary,"pest_management,beneficial_insects,companion_plant",45-50,5-7 days,14-28,Mr Fothergill's
Marigold,French - Dwarf,Marigold (French - Dwarf),Tagetes patula,Asteraceae,Central America (Mexico),Companion plant repelling pests with strong scent. Root exudates suppress soil nematodes. Orange and yellow flowers attract pollinators. Easy annual.,1,0.5,0.5,low,secondary,"pest_management,beneficial_insects,companion_plant",45-50,5-7 days,14-28,Mr Fothergill's
Marigold,French,Marigold (French),Tagetes patula,Asteraceae,Central America (Mexico),Companion plant repelling pests with strong scent. Root exudates suppress soil nematodes. Orange and yellow flowers attract pollinators. Easy annual.,1,0.5,0.5,low,secondary,"pest_management,beneficial_insects,companion_plant",45-50,5-7 days,14-28,Mr Fothergill's
Melaleuca,Ball Honey Myrtle,Melaleuca (Ball Honey Myrtle),Melaleuca nodosa,Myrtaceae,Native to NSW,Native Australian dense shrub to 4m with ball-shaped cream flowers. Highly attractive to native bees. Forms excellent hedges and windbreaks. Very hardy.,20-40,10-20,10,medium,pioneer,"nectar_source,native_habitat,windbreak,beneficial_insects",,,,Koala Day Tinonee 5 2025 (given plant)
Melaleuca (Generic),,Melaleuca (Generic),Melaleuca spp.,Myrtaceae,Native to Australia,"Native Australian paperbark tree. Species to be verified. Multiple species grown at FFC including Tea Tree, Snow in Summer, and others.",50-100,10-20,15,high,secondary,"native_habitat,nectar_source,aromatic,medicinal",,14-30 days,,"FFC, MINIMBAH P F"
Melaleuca,Snow in Summer,Melaleuca (Snow in Summer),Melaleuca linariifolia,Myrtaceae,Native to NSW/QLD,Paperbark tree to 10m covered in white flowers during summer. Fine linear leaves. Extremely nectar-rich - major honey producer. Tolerates wet conditions.,30-50,10-20,15,high,pioneer,"nectar_source,native_habitat,erosion_control",,,,Koala Day Tinonee 5 2025 (given plant)
Melaleuca-White Feather Honey Myrtle,Decora,Melaleuca-White Feather Honey Myrtle (Decora),Melaleuca decora,Myrtaceae,Native to NSW,Australian native paperbark to 10m with white bottlebrush flowers. Excellent nectar producer. Tolerates wet soils and periodic flooding. Hardy pioneer for degraded sites.,30-50,10-20,15,high,pioneer,"nectar_source,native_habitat,erosion_control",,,,Native nursery
Melon,,Melon,Cucumis melo,Cucurbitaceae,Africa/South Asia,Sweet melon variety. Needs warm soil and long growing season. Reduce water as fruit ripens for sweeter flavor.,1,0.5,0.5,low,secondary,edible_fruit,70-90,,21-42,FFC
Millet,,Millet,Panicum miliaceum,Poaceae,Asia,Fast-growing grain crop and green manure. Drought tolerant summer annual. Seeds edible as grain. Good biomass producer. Attracts birds when seeding.,1,0.5,0.5,medium,pioneer,"green_manure,biomass_producer,edible_seed",60-90,5-7 days,,CRT TAREE
Millet,White French,Millet (White French),Panicum miliaceum,Poaceae,Asia,Fast-growing grain crop and green manure. Drought tolerant summer annual. Seeds edible as grain. Good biomass producer. Attracts birds when seeding.,1,0.5,0.5,medium,pioneer,"green_manure,biomass_producer,edible_seed",60-90,5-7 days,,Greenpatch Organic Seeds
Mint,,Mint,Mentha spicata,Lamiaceae,Europe/Middle East,"Vigorous spreading herb - best grown in containers to control spread. Fresh leaves for tea, cooking and drinks.",5-10,3-10,5,low,secondary,"aromatic,medicinal,edible_greens",,2 weeks,,FFC (farm saved)
Mint,Australian,Mint (Australian),Mentha australis,Lamiaceae,Australia,"Native Australian mint species. Hardy perennial groundcover found along creek banks and moist areas. Milder flavour than European mint species. Valuable in syntropic systems as native groundcover, beneficial insect habitat, and culinary herb.",5-10,3-10,,low,secondary,"aromatic,medicinal,edible_greens,native_habitat",,,,FFC (farm saved)
Mulberry,,Mulberry,Morus,Moraceae,Western Asia,"Deciduous fruit tree, 2-5m tall. Large juicy sweet-tart black fruit to 4cm. Virtually maintenance-free and fairly drought-resistant once established. Suited to subtropical and warm temperate climates. Fruits October-November. In syntropic systems serves as high-strata productive tree providing seasonal canopy and abundant fruit.",50+,10+,1,high,secondary,"edible_fruit,canopy_cover,deciduous_light",365,N/A (cutting),0,Daleys Fruit Nursery
Mulberry,Beenleigh Black,Mulberry (Beenleigh Black),Morus nigra,Moraceae,Western Asia,"Deciduous fruit tree, 2-5m tall. Large juicy sweet-tart black fruit to 4cm. Virtually maintenance-free and fairly drought-resistant once established. Suited to subtropical and warm temperate climates. Fruits October-November. In syntropic systems serves as high-strata productive tree providing seasonal canopy and abundant fruit.",50+,10+,1,high,secondary,"edible_fruit,canopy_cover,deciduous_light",365,N/A (cutting),0,Daleys Fruit Nursery
Mulberry,White,Mulberry (White),Morus alba,Moraceae,China,Fast-growing deciduous tree producing sweet white-pink fruit. Excellent for biomass - recovers quickly from hard pruning. Also fodder for silkworms.,50-100,20+,30,high,secondary,"edible_fruit,biomass_producer,fodder",,,,EDEN SEEDS
Mung Bean,,Mung Bean,Vigna radiata,Fabaceae,South Asia (India),Warm season nitrogen-fixer producing bean sprouts. Quick green manure. Edible seeds and sprouts. Part of traditional green manure mixes.,1,0.5,0.5,low,pioneer,"nitrogen_fixer,green_manure,edible_seed",60-90,3-5 days,,FFC
Mustard,White Yellow,Mustard (White Yellow),Sinapis alba,Brassicaceae,Mediterranean,White/yellow mustard used as green manure cover crop. Fast-growing with deep taproots that break compaction. Biofumigant properties suppress soil-borne diseases. Excellent bee forage.,1,0.5,0.5,low,pioneer,"green_manure,biomass_producer,beneficial_insects,pest_management",,3-7 days,,Greenpatch Organic Seeds
Nasturtium,,Nasturtium,Tropaeolum majus,Tropaeolaceae,South America (Peru),Trailing edible-flowered plant. Peppery leaves and flowers for salads. Excellent trap crop for aphids. Self-seeds readily. Thrives in poor soil.,1,0.5,0.5,low,secondary,"edible_greens,edible_flower,pest_management,companion_plant,living_mulch",50-60,7-14 days,,FFC
Native Sarsaparilla,,Native Sarsaparilla,Hardenbergia violacea,Fabaceae,Native to Eastern Australia,Native Australian nitrogen-fixing climber or groundcover. Purple pea flowers in winter/spring. Also called Happy Wanderer or False Sarsaparilla. Hardy and drought tolerant.,10-20,10-20,5,low,pioneer,"nitrogen_fixer,native_habitat,ornamental,erosion_control",,21-60 days,28-42,FFC (farm saved)
Nettle,,Nettle,Urtica dioica,Urticaceae,Europe / Asia / North America,"Herbaceous perennial, 0.5-1.5m tall. Highly nutritious edible leaves (cooked). Excellent dynamic accumulator drawing minerals from deep soil. Valued for liquid fertiliser production and compost activation. In syntropic systems serves as low-strata nutrient cycling plant and beneficial insect habitat.",5+,1-3,1,low,secondary,"dynamic_accumulator,edible_leaf,compost_activator,beneficial_insects",60-90,10-14 days,42-56,"FFC, Greenpatch Organic Seeds (bought plant)"
Oat,,Oat,Avena sativa,Poaceae,Southwest Asia,Cool season cereal and cover crop. Excellent biomass for mulching. Seeds edible as grain. Part of winter green manure mixes. Good for breaking compaction.,1,0.5,0.5,medium,pioneer,"green_manure,biomass_producer,edible_seed",90-120,7-10 days,,Greenpatch Organic Seeds
Okra,,Okra,Abelmoschus esculentus,Malvaceae,Africa,Tropical vegetable producing edible pods. Royal Burgundy variety has beautiful red pods. Needs heat - won't grow well in cool weather. Pick pods young and often.,1,0.5,0.5,medium,secondary,edible_fruit,55-65,7-14 days,21-35,FFC
Olive,,Olive,Olea europaea,Oleaceae,Mediterranean (Greece),Long-lived Mediterranean tree producing table olives and oil. Kalamata variety renowned for large purple-black fruit. Drought tolerant once established. Needs winter chill for fruiting.,500-1000,20+,50,high,climax,"edible_fruit,oil_production",,,,FFC (farm saved)
Olive,Kalamata,Olive (Kalamata),Olea europaea,Oleaceae,Mediterranean (Greece),Long-lived Mediterranean tree producing table olives and oil. Kalamata variety renowned for large purple-black fruit. Drought tolerant once established. Needs winter chill for fruiting.,500-1000,20+,50,high,climax,"edible_fruit,oil_production",,,,FFC (farm saved)
Onion,,Onion,Allium cepa,Amaryllidaceae,Central Asia,Biennial vegetable grown as annual. Most widely cultivated Allium species. Choose short or long day varieties for your latitude. Well-drained fertile soil essential.,2,0.5,0.5,low,secondary,edible_root,80-150,7-14 days,28-42,Greenpatch Organic Seeds
Onion,Gladalan Brown,Onion (Gladalan Brown),Allium cepa,Amaryllidaceae,Central Asia,"Gladalan Brown onion variety. Brown-skinned, reliable Australian variety with good storage qualities. Long day type suited to NSW conditions.",2,0.5,0.5,low,secondary,edible_root,,,,Various
Onion,Red,Onion (Red),Allium cepa,Amaryllidaceae,Central Asia,Red Italian onion variety. Mild sweet flavor good for salads. Long day type - plant in autumn for spring harvest in subtropics.,2,0.5,0.5,low,secondary,edible_root,,3 to 4 weeks,21-42,Greenpatch Organic Seeds
Orach,,Orach,Atriplex hortensis,Amaranthaceae,Europe/Asia,"Mountain spinach or French spinach. Heat-tolerant alternative to spinach. Colorful leaves (green, red, gold). Self-seeds readily.",1,0.5,0.5,low,secondary,edible_greens,35-45,5-10 days,14-21,Greenpatch Organic Seeds
Orange,,Orange,Citrus sinensis,Rutaceae,Southeast Asia,Evergreen citrus tree producing sweet fruit. Grows 5-10m in ideal conditions. Well-suited to subtropical NSW climate. In syntropic systems serves as high-strata productive tree in secondary succession. Benefits from wind protection and consistent moisture.,50+,10+,1,high,secondary,"edible_fruit,canopy_cover",240-365,14-28 days,60-90,Supermarket SEEDS/STONES
Oregano,,Oregano,Origanum vulgare,Lamiaceae,Mediterranean,Perennial Mediterranean herb with aromatic leaves. Essential for Italian and Greek cooking. Attracts beneficial insects.,5-10,3-10,5,medium,secondary,"aromatic,medicinal,edible_greens",,,,Mr Fothergill's
Pak Choi,,Pak Choi,Brassica rapa var. chinensis,Brassicaceae,China,Asian leafy green with mild flavor. Fast growing - ready in 6-7 weeks. Bolt resistant varieties available for warm weather.,1,0.5,0.5,medium,secondary,edible_greens,45-60,,21-42,FFC
Papaya,,Papaya,Carica papaya,Caricaceae,Central America,Fast-growing tropical fruit tree producing within first year. Pioneer species providing quick shade and continuous fruit. Short-lived but very productive.,4-8,10-20,20,high,pioneer,"edible_fruit,biomass_producer",,2 to 3 weeks,,Supermarket SEEDS/STONES
Parsley,Italian,Parsley (Italian),Petroselinum crispum,Apiaceae,Mediterranean,Flat-leaf Italian parsley with stronger flavor than curled types. Preferred for cooking. Biennial - harvest first year before flowering.,2,1-3,2,low,secondary,"aromatic,edible_greens",,,,Country Value
Parsley,Moss Curled,Parsley (Moss Curled),Petroselinum crispum,Apiaceae,Mediterranean,"Heirloom curly parsley variety pre-1865. Deeply cut tightly curled dark green leaves. Dense dwarf compact growth 25-45cm. Milder flavor than flat-leaf. Rich in vitamins A, B, C, K and minerals. Hardy to frost.",2,1-3,2,low,secondary,"aromatic,edible_greens",60-90,21-56 days,28-56,Mr Fothergill's
Parsnip,Hollow Grown,Parsnip (Hollow Grown),Pastinaca sativa,Apiaceae,Eurasia,Root vegetable with sweet nutty flavor after frost. Slow to germinate - use fresh seed. Sow direct in deep loose soil. Long growing season crop.,2,1-3,1,low,secondary,edible_root,100-130,14-28 days,,Mr Fothergill's
Passionfruit,,Passionfruit,Passiflora edulis,Passifloraceae,South America (Brazil),Vigorous fruiting vine with golden fruit. Self-fertile variety producing abundant sweet-tart fruit. Needs support structure and good drainage.,5-7,3-10,5,high,secondary,edible_fruit,,2 to 8 weeks,,Supermarket SEEDS/STONES
Passionfruit,Panama Gold,Passionfruit (Panama Gold),Passiflora edulis,Passifloraceae,South America (Brazil),Vigorous fruiting vine with golden fruit. Self-fertile variety producing abundant sweet-tart fruit. Needs support structure and good drainage.,5-7,3-10,5,high,secondary,edible_fruit,,2 to 8 weeks,,EDEN SEEDS
Pea,,Pea,Pisum sativum,Fabaceae,Mediterranean/Middle East,"Cool season legume with edible pods. Yakumo is flat snow pea, Sugar Snap has plump sweet pods. Nitrogen-fixing. Needs support for climbing.",1,0.5,0.5,low,secondary,"edible_seed,nitrogen_fixer",60-70,7-14 days,,Greenpatch Organic Seeds
Pea-Snow,Snow,Pea-Snow,Pisum sativum,Fabaceae,Mediterranean/Middle East,"Cool season legume with edible pods. Yakumo is flat snow pea, Sugar Snap has plump sweet pods. Nitrogen-fixing. Needs support for climbing.",1,0.5,0.5,low,secondary,"edible_seed,nitrogen_fixer",60-70,7-14 days,,Greenpatch Organic Seeds
Pea-Snow,Yakumo,Pea-Snow (Yakumo),Pisum sativum var. saccharatum,Fabaceae,Mediterranean/Middle East,Flat edible-podded pea variety. Pick young before peas swell. Yakumo is productive heirloom. Cool season - plant autumn or late winter.,1,0.5,0.5,low,secondary,"edible_seed,nitrogen_fixer",60-70,7-14 days,,Greenpatch Organic Seeds
Pea-Sugar Snap,Sugar snap,Pea-Sugar Snap,Pisum sativum,Fabaceae,Mediterranean/Middle East,"Cool season legume with edible pods. Yakumo is flat snow pea, Sugar Snap has plump sweet pods. Nitrogen-fixing. Needs support for climbing.",1,0.5,0.5,low,secondary,"edible_seed,nitrogen_fixer",60-70,7-14 days,,Greenpatch Organic Seeds
Peach,,Peach,Prunus persica,Rosaceae,Northwest China,"Deciduous stone fruit tree, 4-8m tall. Low-chill varieties like Okinawa and Aztec Gold suited to subtropical regions. Fruits in summer. In syntropic systems serves as medium-to-high strata productive tree providing seasonal canopy. Benefits from good drainage and full sun.",15-25,3-10,1,high,secondary,"edible_fruit,canopy_cover,deciduous_light",120-180,30-120 days,365,Daleys Fruit Nursery
Peanut,,Peanut,Arachis hypogaea,Fabaceae,South America (Bolivia/Brazil),Low-growing annual legume producing edible underground pods. Nitrogen-fixing roots enrich soil. Needs warm growing season of 4-5 months. Prefers light sandy loam soil with good drainage. Valuable in crop rotations for soil improvement.,1,0.5,0.5,low,secondary,"edible_seed,nitrogen_fixer,green_manure",120-150,7-14 days,,Greenpatch Organic Seeds
Pear,,Pear,Pyrus communis,Rosaceae,Europe,Classic European pear variety also known as Bartlett. Sweet aromatic fruit excellent fresh or canned. Needs cross-pollination. Beautiful white spring blossoms.,50-100,10-20,20,high,secondary,edible_fruit,,,,FFC (farm saved)
Pear,Flordahome,Pear (Flordahome),Pyrus communis x Pyrus pyrifolia,Rosaceae,USA (Florida),Low-chill (150-200 hours) heat-tolerant pear hybrid developed by University of Florida. Semi-self-fertile but better with cross-pollination. Smooth yellow-green skin with crisp juicy flesh. Ripens late July to early August. Grows 5-6m tall. Excellent for subtropical climates where traditional European pears struggle.,50-100,10-20,20,high,secondary,edible_fruit,,,,Daleys Fruit Nursery
Pear,Nashi,Pear (Nashi),Pyrus pyrifolia,Rosaceae,East Asia,Asian pear producing round apple-shaped fruits with crisp juicy flesh and high water content. Also known as Japanese pear or sand pear. Grows 7-15m tall. Needs cross-pollination. Deciduous with attractive autumn colour. Suited to subtropical and temperate climates.,50-100,10-20,20,high,secondary,edible_fruit,,,,Daleys Fruit Nursery
Pear,Williams,Pear (Williams),Pyrus communis,Rosaceae,Europe,Classic European pear variety also known as Bartlett. Sweet aromatic fruit excellent fresh or canned. Needs cross-pollination. Beautiful white spring blossoms.,50-100,10-20,20,high,secondary,edible_fruit,,,,FFC (farm saved)
Pepino plant,,Pepino plant,Solanum muricatum,Solanaceae,South America (Andes - Colombia/Peru/Chile),"Evergreen shrub to 1m producing sweet melon-like fruit with purple-striped skin. Related to tomato and potato. Fast growing, fruits within 4-6 months. Frost sensitive but tolerates light frost. Propagated easily by cuttings. Parthenocarpic - sets fruit without pollination.",3-5,2-3,1,medium,secondary,edible_fruit,120-240,,,Greenpatch Organic Seeds
Phacelia,,Phacelia,Phacelia tanacetifolia,Boraginaceae,North America (California),Blue-flowered annual cover crop. One of the best bee plants available. Excellent green manure. Fast-growing soil builder.,1,0.5,0.5,low,pioneer,"green_manure,beneficial_insects,nectar_source,biomass_producer",,7-14 days,,Greenpatch Organic Seeds
Pigeon Pea,,Pigeon Pea,Cajanus cajan,Fabaceae,South Asia (India),Fast-growing nitrogen-fixing shrub to 4m. Edible protein-rich peas and excellent biomass for chop-and-drop. Drought tolerant pioneer.,3-5,3-10,4,high,pioneer,"nitrogen_fixer,edible_seed,biomass_producer",,,,FFC
Plum,,Plum,Prunus domestica,Rosaceae,Europe/Western Asia,Deciduous stone fruit tree. Many varieties available for different climates. Some need chill hours for fruit set. Beautiful spring blossoms. Prune after fruiting.,20-40,10-20,15,medium,secondary,edible_fruit,,,,Various
Plum - Pluot,Black Adder,Plum - Pluot (Black Adder),Prunus salicina x Prunus armeniaca,Rosaceae,USA (California),Interspecific plum-apricot hybrid (75% plum 25% apricot). Dark-skinned fruit with exceptionally sweet complex flavour. Higher sugar content than standard plums. Deciduous stone fruit tree. Needs cross-pollination with compatible plum or pluot variety.,20-40,10-20,15,medium,secondary,edible_fruit,,,,Daleys Fruit Nursery (bought plant)
Prickly Pear,,Prickly Pear,Opuntia ficus-indica,Cactaceae,Americas,Drought-tolerant cactus with edible pads (nopales) and sweet fruits (tunas). Extremely hardy. Can spread aggressively - manage carefully. Used as living fence and animal fodder.,50+,20+,,medium,climax,"edible_fruit,erosion_control,fodder",,,,FFC (cutting)
Prickly-leaved Paperbark,,Prickly-leaved Paperbark,Melaleuca styphelioides,Myrtaceae,Native to NSW,Paperbark tree to 15m with distinctive prickly leaves and white bottlebrush flowers. Spongy white bark. Excellent shade tree. Tolerates frost and poor drainage.,50-100,20+,20,high,secondary,"nectar_source,native_habitat,erosion_control,timber",,,,Native nursery
Pumpkin,,Pumpkin,Cucurbita maxima,Cucurbitaceae,South America,Classic Australian grey pumpkin with dense orange flesh. Excellent keeper - stores for months. Sweet nutty flavor.,1,0.5,0.5,low,secondary,edible_fruit,100-120,,21-42,Various
Pumpkin,Golden Nugget,Pumpkin (Golden Nugget),Cucurbita maxima,Cucurbitaceae,South America,Classic Australian grey pumpkin with dense orange flesh. Excellent keeper - stores for months. Sweet nutty flavor.,1,0.5,0.5,low,secondary,edible_fruit,100-120,,21-42,Greenpatch Organic Seeds
Pumpkin,Queensland Blue,Pumpkin (Queensland Blue),Cucurbita maxima,Cucurbitaceae,South America,Classic Australian grey pumpkin with dense orange flesh. Excellent keeper - stores for months. Sweet nutty flavor.,1,0.5,0.5,low,secondary,edible_fruit,100-120,,21-42,Mr Fothergill's
Pyrethrum,,Pyrethrum,Tanacetum cinerariifolium,Asteraceae,Balkans/Caucasus,Natural insecticide plant. White daisy-like flowers contain pyrethrins. Companion plant for pest management.,3-5,3-10,3,low,secondary,"pest_management,ornamental",,,,Mr Fothergill's
Quince,,Quince,Cydonia oblonga,Rosaceae,Western Asia (Caucasus),"Deciduous fruit tree related to apples and pears. Fragrant golden fruit used for preserves, paste and cooking. Beautiful pink-white blossoms.",50-70,20+,25,high,secondary,edible_fruit,,,,FFC (farm saved)
Radish,,Radish,Raphanus sativus,Brassicaceae,Southeast Asia,Fast-growing root vegetable ready in 3-4 weeks. Sow direct in successions. Good for breaking compacted soil. Daikon types excellent for deep soil breaking.,1,0.5,0.5,low,secondary,"edible_root,soil_breaking",25-35,3-7 days,,Various
Radish,Tillage,Radish (Tillage),Raphanus sativus,Brassicaceae,Southeast Asia,Fast-growing root vegetable ready in 3-4 weeks. Sow direct in successions. Good for breaking compacted soil. Daikon types excellent for deep soil breaking.,1,0.5,0.5,low,secondary,"edible_root,soil_breaking",25-35,3-7 days,,Greenpatch Organic Seeds
Radish,red - Sparkler,Radish (red - Sparkler),Raphanus sativus,Brassicaceae,Southeast Asia,Fast-growing root vegetable ready in 3-4 weeks. Sow direct in successions. Good for breaking compacted soil. Daikon types excellent for deep soil breaking.,1,0.5,0.5,low,secondary,"edible_root,soil_breaking",25-35,3-7 days,,Mr Fothergill's
Radish,red - scarlett globe,Radish (red - scarlett globe),Raphanus sativus,Brassicaceae,Southeast Asia,Fast-growing root vegetable ready in 3-4 weeks. Sow direct in successions. Good for breaking compacted soil. Daikon types excellent for deep soil breaking.,1,0.5,0.5,low,secondary,"edible_root,soil_breaking",25-35,3-7 days,,Mr Fothergill's
Raspberry,,Raspberry,Rubus idaeus,Rosaceae,Europe/North Asia,Perennial berry bramble producing red (or gold/black) fruit. Canes need support. Summer and autumn fruiting varieties available. Fruits on different aged canes depending on type.,15-25,10-20,8,low,secondary,edible_fruit,,,,FFC (farm saved)
Rocket,,Rocket,Eruca vesicaria,Brassicaceae,Mediterranean,Peppery salad green also called arugula. Fast growing cool season crop. Bolts quickly in heat. Edible flowers. Wild rocket is perennial alternative.,1,0.5,0.5,low,secondary,edible_greens,30-40,5-7 days,,Greenpatch Organic Seeds
Rose Apple,,Rose Apple,Syzygium jambos,Myrtaceae,Southeast Asia,Tropical evergreen tree to 12m with rose-scented pear-shaped fruit. Beautiful cream pom-pom flowers. Fruits have rose water fragrance. Tolerates light frost once established.,50-100,20+,20,high,secondary,"edible_fruit,aromatic",,,,Daleys Fruit Nursery
Rosemary,,Rosemary,Salvia rosmarinus,Lamiaceae,Mediterranean,Aromatic Mediterranean shrub with needle-like leaves. Drought tolerant once established. Blue flowers attract bees.,10-20,3-10,5,medium,secondary,"aromatic,medicinal,edible_greens,beneficial_insects",,,,FFC (farm saved)
Rough Barked Apple,,Rough Barked Apple,Angophora floribunda,Myrtaceae,Native to NSW,Australian native tree to 25m with distinctive rough bark. Prolific white flowers attract bees and wildlife. Excellent nectar source for honey production. Drought and frost tolerant once established.,100-200,20+,30,emergent,secondary,"nectar_source,native_habitat,timber,erosion_control",,,,Koala Day Tinonee 5 2025 (given plant)
Sage,,Sage,Salvia officinalis,Lamiaceae,Mediterranean,Culinary and medicinal herb with grey-green velvety leaves. Drought tolerant. Blue-purple flowers attract pollinators.,5-10,3-10,5,medium,secondary,"aromatic,medicinal,edible_greens",,,,Mr Fothergill's
Sage,Pineapple,Sage (Pineapple),Salvia elegans,Lamiaceae,Mexico / Guatemala,"Perennial herb, 1-1.5m tall, with pineapple-scented leaves and bright red tubular flowers. Attracts hummingbirds and beneficial insects. In syntropic systems works as medium-strata aromatic companion plant. Frost-sensitive but vigorous grower in subtropical conditions. Edible leaves and flowers.",3-5,1-3,1,medium,secondary,"edible_leaf,aromatic,beneficial_insects,companion_plant",60-90,10-21 days,42-56,Greenpatch Organic Seeds
Shallot,Evergreen Bunching,Shallot,Allium fistulosum,Amaryllidaceae,East Asia,Bunching onion with mild flavor. Perennial in mild climates. Also called Welsh onion or scallion. Harvest whole or cut leaves repeatedly.,3-5,3-10,3,low,secondary,"edible_greens,aromatic",60-80,7-14 days,21-35,Greenpatch Organic Seeds
Silver Dollar Gum,,Silver Dollar Gum,Eucalyptus cinerea,Myrtaceae,Native to NSW,Ornamental native with distinctive silver-blue round juvenile leaves. Popular for cut foliage. Frost tolerant.,50-150,20+,50,emergent,secondary,"ornamental,aromatic,nectar_source,native_habitat",,3 to 4 weeks,,EDEN SEEDS
Silver Wattle,Dealbata,Silver Wattle (Dealbata),Acacia dealbata,Fabaceae,Native to NSW,Fast-growing nitrogen-fixing pioneer reaching 30m. Excellent biomass producer for chop-and-drop mulching. Beautiful yellow flowers in late winter.,30-50,20+,50,emergent,pioneer,"nitrogen_fixer,biomass_producer,nectar_source,native_habitat",,3 to 6 weeks,,EDEN SEEDS
Silverbeet,,Silverbeet,Beta vulgaris var. cicla,Amaranthaceae,Mediterranean,Hardy leafy green producing year-round. Cut outer leaves for continuous harvest. Heat and frost tolerant. Also known as chard.,2,1-3,2,low,secondary,edible_greens,,,28-56,Mr Fothergill's
Sorghum,,Sorghum,Sorghum bicolor,Poaceae,Africa,Tall tropical grass for biomass and grain. Very drought tolerant. Grows 2-4m. Excellent chop-and-drop material. Some varieties for syrup production.,1,0.5,0.5,medium,pioneer,"biomass_producer,green_manure,edible_seed",90-120,5-10 days,,Greenpatch Organic Seeds
Spinach,,Spinach,Beta vulgaris,Amaranthaceae,Europe,,2,1-3,1,low,secondary,edible_greens,50-60,7-14 days,21-35,Various
Spinach-Perpetual,Beet-Perpetual,Spinach (Beet-Perpetual),Beta vulgaris var. cicla,Amaranthaceae,Europe,"Actually a leaf beet, not true spinach. Much easier to grow - heat tolerant and long-standing. Cut-and-come-again harvest. Related to silverbeet.",2,1-3,1,low,secondary,edible_greens,50-60,7-14 days,21-35,Country Value
Spinach,English Mediana,Spinach (English Mediana),Beta vulgaris,Amaranthaceae,Europe,,2,1-3,1,low,secondary,edible_greens,50-60,7-14 days,21-35,Mr Fothergill's
Spinach,Matador,Spinach (Matador),Beta vulgaris,Amaranthaceae,Europe,,2,1-3,1,low,secondary,edible_greens,50-60,7-14 days,21-35,Organic Garden
Spinach-Perennial,Okinawa Spinach,Spinach-Perennial (Okinawa Spinach),Gynura crepioides,Asteraceae,Japan,"a nutritious, low-maintenance perennial leafy green with striking green tops and purple undersides, subtropical-tropical climate; dense groundcover or pot plant. The leaves have a mild, nutty, pine-like flavor, ideal for salads, stir-fries, or tempura",2,1-3,1,low,secondary,edible_greens,50-60,7-14 days,21-35,Minimbah
Spinach-Perpetual,Perpetual,Spinach-Perpetual,Beta vulgaris var. cicla,Amaranthaceae,Europe,"Actually a leaf beet, not true spinach. Much easier to grow - heat tolerant and long-standing. Cut-and-come-again harvest. Related to silverbeet.",2,1-3,1,low,secondary,edible_greens,50-60,7-14 days,21-35,Greenpatch Organic Seeds
Onion-Spring,Lisbon,Spring Onion,Allium fistulosum,Amaryllidaceae,East Asia,Bunching onion with mild flavor. Perennial in mild climates. Also called Welsh onion or scallion. Harvest whole or cut leaves repeatedly.,3-5,3-10,3,low,secondary,"edible_greens,aromatic",60-80,7-14 days,21-35,Various
Onion-Spring,Lisbon,Spring Onion (Lisbon),Allium fistulosum,Amaryllidaceae,East Asia,Bunching onion with mild flavor. Perennial in mild climates. Also called Welsh onion or scallion. Harvest whole or cut leaves repeatedly.,3-5,3-10,3,low,secondary,"edible_greens,aromatic",60-80,7-14 days,21-35,Mr Fothergill's
Squash,Yellow Scallop,Squash (Yellow Scallop),Cucurbita pepo,Cucurbitaceae,Central America,Summer squash variety with scalloped edge. Also called Pattypan. Harvest young for best flavor. Bush habit.,1,0.5,0.5,low,secondary,edible_fruit,50-60,7-10 days,21-35,Mr Fothergill's
Strawberry,,Strawberry,Fragaria × ananassa,Rosaceae,Hybrid (European/American),"Perennial fruiting groundcover producing sweet red berries. Spreads via runners, forming dense mats. Excellent living mulch in syntropic systems, providing ground coverage while producing edible fruit. Prefers well-drained soil with consistent moisture. Multiple harvests per season in subtropical climates.",3-5,1-3,1,low,secondary,"edible_fruit,living_mulch,groundcover",60-90,14-28 days,42-56,Various
Sturt Desert Pea,,Sturt Desert Pea,Swainsona formosa,Fabaceae,Native to Australia (arid regions),Iconic Australian native with striking red and black pea flowers. South Australian floral emblem. Nitrogen-fixing annual/short-lived perennial.,1-2,1-3,1,low,pioneer,"nitrogen_fixer,native_habitat,ornamental",,14-28 days,28-42,Mr Fothergill's
Sugar Cane,,Sugar Cane,Saccharum officinarum,Poaceae,Southeast Asia,Tall perennial grass grown for sugar and biomass. Excellent chop-and-drop material. Propagated from cuttings. Fast growing in subtropical conditions.,5-10,3-10,4,high,pioneer,"biomass_producer,edible_greens",,,,Various
Sunflower,,Sunflower,Helianthus annuus,Asteraceae,North America,Fast-growing summer annual with large flower heads. Edible seeds. Excellent biomass - stalks make good mulch material. Deep taproots break compaction.,1,0.5,0.5,medium,pioneer,"edible_seed,biomass_producer,beneficial_insects,nectar_source",70-100,7-14 days,,Various
Sunflower,Sun King,Sunflower (Sun King),Helianthus annuus,Asteraceae,North America,Fast-growing summer annual with large flower heads. Edible seeds. Excellent biomass - stalks make good mulch material. Deep taproots break compaction.,1,0.5,0.5,medium,pioneer,"edible_seed,biomass_producer,beneficial_insects,nectar_source",70-100,7-14 days,,Country Value
Sunn Hemp,,Sunn Hemp,Crotalaria juncea,Fabaceae,South Asia (India),Fast-growing tropical nitrogen-fixer reaching 2m in 60 days. Excellent green manure suppressing nematodes. Yellow flowers attract bees. Not edible.,1,0.5,0.5,medium,pioneer,"nitrogen_fixer,biomass_producer,green_manure,beneficial_insects",60-90,3-5 days,,Greenpatch Organic Seeds
Surinam Cherry,,Surinam Cherry,Eugenia uniflora,Myrtaceae,South America (Brazil),Attractive shrub to 4m with ribbed red-orange fruits. Tart sweet flavor. Makes excellent hedges. Very hardy once established. Can become weedy.,20-40,10-20,10,medium,secondary,"edible_fruit,windbreak",,,,Daleys Fruit Nursery
Sweet Potato,,Sweet Potato,Ipomoea batatas,Convolvulaceae,Central/South America,Tropical tuber with edible leaves. Excellent living mulch groundcover suppressing weeds. Plant slips in warm soil.,1,0.5,0.5,low,secondary,"edible_root,living_mulch,edible_greens",,,21-42,FFC (farm saved)
Tagasaste - Tree Lucerne,,Tagasaste - Tree Lucerne,Chamaecytisus palmensis,Fabaceae,Canary Islands,Fast-growing nitrogen-fixing tree lucerne reaching 5m. Excellent fodder and biomass for chop-and-drop. Tolerates poor soils and drought once established.,15-25,10-20,20,emergent,pioneer,"nitrogen_fixer,biomass_producer,fodder",,2 to 4 weeks,,EDEN SEEDS
Tallowood (Gum),,Tallowood (Gum),Eucalyptus microcorys,Myrtaceae,Native to NSW,Premium hardwood timber species native to NSW coastal forests. Durable timber resistant to termites. Long-lived climax species.,200-400,20+,50,emergent,climax,"timber,nectar_source,native_habitat",,3 to 4 weeks,,The Seed Vine
Tansy,,Tansy,Tanacetum vulgare,Asteraceae,Europe/Asia,Aromatic perennial herb with yellow button flowers. Strong scent repels insects - plant near fruit trees. CAUTION: Toxic if eaten. Attracts beneficial insects.,5-10,3-10,5,low,secondary,"pest_management,beneficial_insects,companion_plant",,14-21 days,28-42,EDEN SEEDS
Tarragon,Mexican,Tarragon (Mexican),Artemisia dracunculus,Asteraceae,Central Asia,Russian tarragon variety with mild anise flavor. French tarragon has stronger flavor but doesn't set seed. Perennial herb for French cuisine.,3-5,3-10,4,low,secondary,"aromatic,edible_greens",,,,Greenpatch Organic Seeds (bought plant)
Tarragon,Russian,Tarragon (Russian),Artemisia dracunculus,Asteraceae,Central Asia,Russian tarragon variety with mild anise flavor. French tarragon has stronger flavor but doesn't set seed. Perennial herb for French cuisine.,3-5,3-10,4,low,secondary,"aromatic,edible_greens",,,,Mr Fothergill's
Tea Tree Oil (Melaleuca),Alternifolia,Tea Tree Oil (Melaleuca) (Alternifolia),Melaleuca alternifolia,Myrtaceae,Native to NSW/QLD,Australian native source of tea tree oil. Pioneer species tolerating wet areas and poor soils. Narrow aromatic leaves with medicinal properties.,20-30,10-20,15,medium,pioneer,"aromatic,medicinal,native_habitat",,3-4 weeks,,EDEN SEEDS
Thyme,,Thyme,Thymus vulgaris,Lamiaceae,Mediterranean,Low-growing aromatic herb with tiny leaves. Drought tolerant groundcover. Essential culinary herb. Attracts bees.,5-10,3-10,5,low,secondary,"aromatic,medicinal,edible_greens,living_mulch",,,,FFC (farm saved)
Tomato,,Tomato,Solanum lycopersicum,Solanaceae,South America (Andes),Heart-shaped heirloom tomato with meaty flesh. Excellent flavor for fresh eating. Indeterminate growth.,1,0.5,0.5,low,secondary,edible_fruit,60-80,,21-42,Various
Tomato,Moneymaker,Tomato (Moneymaker),Solanum lycopersicum,Solanaceae,South America (Andes),Classic reliable medium-sized tomato. Heavy cropper with good disease resistance. Indeterminate growth.,1,0.5,0.5,low,secondary,edible_fruit,60-80,,21-42,Mr Fothergill's
Tomato,Mortgage Lifter,Tomato (Mortgage Lifter),Solanum lycopersicum,Solanaceae,South America (Andes),"Large pink heirloom beefsteak tomato. Sweet mild flavor, few seeds. Indeterminate growth - needs staking.",1,0.5,0.5,low,secondary,edible_fruit,60-80,,21-42,Mr Fothergill's
Tomato,Oxheart,Tomato (Oxheart),Solanum lycopersicum,Solanaceae,South America (Andes),Heart-shaped heirloom tomato with meaty flesh. Excellent flavor for fresh eating. Indeterminate growth.,1,0.5,0.5,low,secondary,edible_fruit,60-80,,21-42,Mr Fothergill's
Tomato,Rouge de Marmande,Tomato (Rouge de Marmande),Solanum lycopersicum,Solanaceae,South America (Andes),French heirloom ribbed beefsteak tomato. Rich flavor excellent for slicing. Semi-determinate growth.,1,0.5,0.5,low,secondary,edible_fruit,60-80,,21-42,Mr Fothergill's
Tree Fern,,Tree Fern,Cyathea spp.,Cyatheaceae,Native to Australia,Tree fern with trunk-like stem and large spreading fronds. Native to Australian rainforests. Prefers shade and moisture. Excellent understorey species.,50-100,20+,20,medium,climax,"native_habitat,ornamental",,,,Various
Tree Lucerne - Tagasaste,,Tree Lucerne - Tagasaste,Chamaecytisus palmensis,Fabaceae,Canary Islands,Fast-growing nitrogen-fixing tree lucerne reaching 5m. Excellent fodder and biomass for chop-and-drop. Tolerates poor soils and drought once established.,15-25,10-20,20,emergent,pioneer,"nitrogen_fixer,biomass_producer,fodder",,2 to 4 weeks,,EDEN SEEDS
Turmeric,,Turmeric,Curcuma longa,Zingiberaceae,South Asia (India),Tropical rhizome with vibrant orange flesh. Anti-inflammatory medicinal uses. Needs warmth and moisture. Harvest when leaves die down.,2-3,1-3,2,low,secondary,"edible_root,aromatic,medicinal",,,28-56,Various
Turnip,Purple top,Turnip (Purple top),Brassica rapa,Brassicaceae,Europe/Western Asia,"Classic heirloom turnip with smooth globe roots, white below soil and purple above. Fast-growing cool season crop. Both roots and leafy greens are edible. Sweet mild flavour, especially after frost. Good for crop rotation and soil improvement.",1,0.5,0.5,low,secondary,"edible_root,edible_greens,green_manure",50-60,8-12 days,,Greenpatch Organic Seeds
Vacoa (Pandanus),,Vacoa (Pandanus),Pandanus spp.,Pandanaceae,Tropical Pacific/Indian Ocean,"Screw Pine. Tropical tree with aerial prop roots and spirally arranged leaves. Drought tolerant once established. Leaves used for weaving, fruit edible in some species.",50-100,10-20,10,high,secondary,"edible_fruit,ornamental",,,,Various
Vetch,Wooly Pod,Vetch,Vicia sativa,Fabaceae,Mediterranean,Climbing nitrogen-fixing legume for winter cover crop. Purple flowers. Good with oats in mix. Fixes substantial nitrogen. Hardy to frost.,1,0.5,0.5,low,pioneer,"nitrogen_fixer,green_manure,nectar_source",,7-14 days,,Greenpatch Organic Seeds
Walnut,Placentia,Walnut (Placentia),Juglans regia 'Placentia',Juglandaceae,Europe / California,English/Persian walnut variety. Self-fruitful. Cool climate preferred. Late dormancy break (April-May). Deciduous. Long-lived nut tree producing large nuts.,60-80,5-10,,high,climax,"edible_nut,timber,beneficial_insects",,,,Daleys Fruit Tree Nursery
Watercress,,Watercress,Nasturtium officinale,Brassicaceae,Europe/Asia,Peppery aquatic salad green growing in shallow water or moist soil. Extremely nutritious. Perennial in suitable conditions.,2-3,1-3,1,low,secondary,"edible_greens,medicinal",30-50,10-14 days,,Greenpatch Organic Seeds
Watermelon,Sugar baby,Watermelon (Sugar baby),Citrullus lanatus,Cucurbitaceae,Africa,Summer fruiting vine needing heat and space. Fruits ripen when tendril near stem dries and underside turns yellow. Sugar Baby is compact variety.,1,0.5,0.5,low,secondary,edible_fruit,80-95,7-10 days,21-35,Mr Fothergill's
Wattle,,Wattle,Acacia spp.,Fabaceae,Native to Australia,Native Australian wattle. Species to be verified. Nitrogen-fixing pioneer excellent for biomass and soil building.,15-50,10-20,10,high,pioneer,"nitrogen_fixer,biomass_producer,native_habitat,nectar_source",,14-42 days,,Various
Wattle (Acacia),,Wattle (Acacia),Acacia spp.,Fabaceae,Native to Australia,Native Australian wattle. Species to be verified. Nitrogen-fixing pioneer excellent for biomass and soil building.,15-50,10-20,10,high,pioneer,"nitrogen_fixer,biomass_producer,native_habitat,nectar_source",,14-42 days,,Various
Wattle - Cootamundra,Baileyana,Wattle - Cootamundra (Baileyana),Acacia baileyana,Fabaceae,Native to NSW (Cootamundra region),Beautiful native wattle with silver-blue feathery foliage and masses of golden flowers. Fast nitrogen-fixer for medium layer. Can be short-lived but self-seeds readily.,15-30,10-20,20,high,pioneer,"nitrogen_fixer,biomass_producer,ornamental,native_habitat",,3 to 6 weeks,,EDEN SEEDS
Winter Market Garden Mix,"Trit, Oats, Forage Rape, Barley, Peas, Beans, Vetch, Linseed, Radish, Turnip, Persian Clover, Arrow Clover, Blansia Clover, Crimson, Fenugreek, Phavelia, Buckwheat, Sunflower, Quinoa, Rye Grass.",Winter Market Garden Mix,Mixed species,Mixed,Various,"Mixed seed blend for winter cover cropping. Contains triticale, oats, forage rape, barley, peas, beans, vetch, linseed, radish, turnip, Persian clover, arrow clover, Blansia clover, crimson clover, fenugreek, phacelia, buckwheat, sunflower, quinoa, rye grass.",1,0.5,0.5,low,pioneer,"green_manure,nitrogen_fixer,biomass_producer",,7-14 days,,Downunder Covers
Yarrow,,Yarrow,Achillea millefolium,Asteraceae,Europe/Western Asia,Feathery-leaved medicinal herb with flat-topped white flower clusters. Dynamic nutrient accumulator with deep roots. Attracts beneficial insects.,5-10,3-10,3,low,secondary,"medicinal,beneficial_insects,companion_plant,nutrient_accumulator",90-120,14-21 days,28-42,Greenpatch Organic Seeds (bought plant)
Yarrow (White),,Yarrow (White),Achillea millefolium,Asteraceae,Europe/Western Asia,Feathery-leaved medicinal herb with flat-topped white flower clusters. Dynamic nutrient accumulator with deep roots. Attracts beneficial insects.,5-10,3-10,3,low,secondary,"medicinal,beneficial_insects,companion_plant,nutrient_accumulator",90-120,14-21 days,28-42,The Seed Vine
Zucchini,,Zucchini,Cucurbita pepo,Cucurbitaceae,Central America,Pale green Lebanese-style zucchini. Mild flavor and tender skin. Pick young for best quality.,1,0.5,0.5,low,secondary,edible_fruit,45-55,,21-42,FFC
Zucchini,Blackjack,Zucchini (Blackjack),Cucurbita pepo,Cucurbitaceae,Central America,Dark green zucchini variety. Very prolific producer - harvest young at 15-20cm for best flavor. Bush habit.,1,0.5,0.5,low,secondary,edible_fruit,45-55,,21-42,Mr Fothergill's
Zucchini,Green skin,Zucchini (Green Skin),Cucurbita pepo,Cucurbitaceae,Central America,Pale green Lebanese-style zucchini. Mild flavor and tender skin. Pick young for best quality.,1,0.5,0.5,low,secondary,edible_fruit,45-55,,21-42,Mr Fothergill's
Zucchini,Lebanese,Zucchini (Lebanese),Cucurbita pepo,Cucurbitaceae,Central America,Pale green Lebanese-style zucchini. Mild flavor and tender skin. Pick young for best quality.,1,0.5,0.5,low,secondary,edible_fruit,45-55,,21-42,Mr Fothergill's
